gene,baseMean,log2FoldChange,lfcSE,stat,pvalue,padj
slc38a4,311.97300419745073,-0.5703750461245479,0.5257057327232578,35.5987375301257,1.1425208326030392e-6,1.8711226892801773e-4
vegfab,87.00153033833955,-0.3350061617642817,0.5086892001121325,22.22287682332893,4.7490083745810286e-4,0.01495676703466948
tnnt2e,60.54799945547378,-0.016985140964093284,0.5746759954373283,20.375291981079016,0.0010624264295832162,0.02715049976034897
lta4h,46.183568017354624,0.26525579427694906,0.5262785555383227,36.843516422726665,6.438035836465487e-7,1.2444605720342256e-4
si:ch211-240l19.5,41.838748660758604,-0.2682033266881672,0.4805185894831597,22.506596017021522,4.1932948003981847e-4,0.013732282708392806
ttll12,51.48849285864241,-0.0333159741293466,0.3972279795940991,19.207962044118432,0.0017579955709921197,0.03854954283150846
hsp90b1,194.471682517284,0.33245249988465997,0.49132002941726344,18.415224055663998,0.0024686026204104846,0.04798577128772123
AL590150.2,36.29691224142367,-0.7554351247147456,0.650524852913579,20.176590189677313,0.0011578651294384536,0.028731094900178424
atp2b1a,160.0614771565042,0.7040319375176638,0.39653384389802643,19.20455155143759,0.0017605729862424785,0.03854954283150846
tcp11l2,48.75827912377155,0.23666818791453711,0.4135786024749054,35.86827828390817,1.0092091231986972e-6,1.7268019982611738e-4
bcat1,33.33778739419054,-1.5186946553390297,0.5457357338021861,31.289701422601937,8.2108487169605e-6,8.405104952345167e-4
pah,74.56973404868812,-2.555859919646842,0.7626008264339683,25.877800590606597,9.423951731954918e-5,0.004697225332831791
itfg2,19.855698313945727,0.7183716743645098,0.48647277732479677,19.458979040856164,0.001578130953697077,0.03592590930428925
pparaa,89.5595807699697,0.02734117505711425,0.5392786544422571,19.460469311960054,0.0015771190627638246,0.03592590930428925
slc26a3.2,257.57706297767083,1.4528585256625957,0.5221567291383585,36.316368403019936,8.209798567229335e-7,1.4939227107097953e-4
tmem110l,34.01626902118938,0.0070948129975648595,0.5548097882036025,18.234077739624823,0.0026669039654938775,0.049831096835385356
pfkfb3,28.172186843515664,-1.7915760163960766,0.7307179560697182,19.202620175400682,0.0017620342327032826,0.03854954283150846
creld2,42.00073550700505,-0.29898183752502805,0.5575393187949955,19.425410226784024,0.0016010938879190808,0.03620303812841093
rab3ip,39.31371810073256,-0.5008999185964775,0.45987765502694816,26.20233451963263,8.152347461446809e-5,0.004226832002764686
abcd2,41.88064304592665,-0.29260747317688035,0.7038382541837273,24.127767252146455,2.0517562374210824e-4,0.008195586587385117
ms4a17a.17,21.69873824035157,1.7487462782078,0.5982840769338587,20.966160648827966,8.220712064944461e-4,0.022485296007573524
BX005417.1,157.33153775693106,0.9573613609248279,0.5675633338078977,22.15200451663921,4.898804777256275e-4,0.01538627341547012
pnp5a,100.67711819471211,-1.4301156643739388,0.7054256500162819,22.313780670816527,4.563474206672555e-4,0.014550388745871355
mthfs,64.28949489648987,-0.6463454761901269,0.3742536759792605,18.855701074447296,0.002044778604570296,0.04233853071541287
tnfsf10l,113.42054817081232,0.5611718947917427,0.44909620845986864,19.47594569100795,0.0015666482514937526,0.035848414281685385
TESK1,123.71717974202721,0.4184620466925272,0.41598723272276134,35.013407410794315,1.4954089570656962e-6,2.3166713897028568e-4
sb:cb1058,161.99180291119814,0.3119415783657245,0.5082971567483393,48.151821311807765,3.3072682478369117e-9,1.7233874178728345e-6
zanl,502.95653648061386,-0.2470027278626677,0.4715659824859224,25.08104968409191,1.3440151785222958e-4,0.006094113803509193
zgc:172079.2,89.52913515859808,0.5489261838759942,0.4514471765980826,33.717072784621706,2.7105966241795837e-6,3.61328833716218e-4
rps13,606.3624063549331,-0.37735738714059996,0.41192612006497614,18.583473899589507,0.002297410723322436,0.045804376577684186
tpma,601.8824729928484,0.634813490081063,0.5758714663720031,21.96652405910342,5.313261686902875e-4,0.01628642566274186
aldh1a2,50.846166822773505,1.3945575521577618,0.5403799352098371,20.21010492254851,0.001141196075376098,0.028440590887199108
bbox1,293.17645952185586,0.7675122496278939,0.6310345470584903,58.065992081968034,3.048389359757824e-11,3.176975965478518e-8
hsd11b2,90.29269591481768,0.2522526438795052,0.4696420323884087,18.419240093046966,0.002464374259807046,0.04798577128772123
cebpa,50.356416683652505,0.6079804538259915,0.5589935537381343,25.018467907722112,1.3819440193035568e-4,0.006212786759723911
atg13,40.24280631753729,-0.12362289306970431,0.3914359155703887,19.571059513019918,0.0015037812143281499,0.03489746526529942
tnni2b.2,55.802538300397956,0.40177286737767465,0.6184239481303265,18.393208280104204,0.0024919090379832047,0.04825548177608016
tnnt3b,756.471417344995,0.5579360179400618,0.5861228438682475,20.9613836799534,8.23780907465185e-4,0.022485296007573524
plxdc2,124.2397471784493,-0.538402146662621,0.5763955478905175,20.368088306564744,0.0010657471120164895,0.02715049976034897
dync1li2,62.048434042629275,0.20056474398493931,0.3718323428755128,22.117089304036767,4.974306649164726e-4,0.01557215557791751
BX511128.3,24.303505826511778,-1.0087400518304523,0.9660407059125246,25.082192419383148,1.343332269188487e-4,0.006094113803509193
hsd17b12b,60.45058755827399,0.25154641775001013,0.4432948816376612,34.69059419197362,1.734441613836224e-6,2.5926375035718006e-4
sirt3,103.07021749586275,0.38466877775650715,0.35539069010744817,21.42552625961008,6.729995987599206e-4,0.019482998485312448
sdr16c5b,313.1063521061594,0.2563234082227248,0.3352575654271706,31.736748768616593,6.6986594008798775e-6,7.383983785739126e-4
bco1l,115.58505439396987,-0.8183290357599471,0.7693613400387331,26.592109596126477,6.848009402380032e-5,0.0037562478367887415
arntl1b,77.71832691877906,-0.6340777603463694,0.6064948521051688,18.217083925359475,0.002686289065271123,0.049831096835385356
eif4g2a,52.37814478653138,-0.6975592632196042,0.46162252105784446,18.921178281824268,0.0019882049909621183,0.04166870569723898
nfat5b,140.16014959761955,0.4279240880513266,0.29413356144719127,25.707765003443797,1.0166706197018154e-4,0.004959622120962388
sec24d,139.76494906298592,-0.2504273333250735,0.39637407763851334,19.82373875678394,0.0013485643531031208,0.03234297435977861
myom1b,66.55853615229502,0.8115198103576853,0.46895679722687933,23.655613460272235,2.5281742938958526e-4,0.009628900367183408
CABZ01083442.1,61.22491307618379,0.7208539506296159,0.4601087378774048,21.650872179730428,6.099533484835227e-4,0.018046997387112435
rcl1,57.81375975552068,-1.0487709424750646,0.456633951613474,18.990746386749123,0.0019297800924947402,0.04089278924280906
hspa5,209.13288345131312,-0.21684739572764633,0.5748354712719895,20.350544067210024,0.0010738772850760721,0.027236569017947104
nos1,131.74499710254133,0.4188881565305511,0.49457075154640956,20.1618013087959,0.0011652965610699831,0.02881101383954392
aifm3,112.89267265067835,0.8224862115871091,0.6330006815127771,26.792370554683288,6.260577202854804e-5,0.0036666134364587498
hk2,107.0166487398271,-0.22830785299925424,0.5113754305097648,20.361208188835633,0.0010689281805305302,0.02717115889490465
SUSD2,60.96614707225643,0.21087011520625706,0.6124929445060168,21.01466789355524,8.049069869130901e-4,0.022313331334559393
aacs,84.68846431262196,0.6262922656319898,0.5415004174916576,25.90996197509611,9.289632557513888e-5,0.004650495530102149
coro1ca,349.409240570208,0.20738973220563292,0.29473098555644023,30.29987648061916,1.2873534286692429e-5,0.0011619933198040251
atp6v0a2b,45.01280085520142,0.022252570969555022,0.519808157137486,26.41644798428912,7.408047061587736e-5,0.003913633710324507
gda,103.43042680425968,-0.48059589399113184,0.5633799018313497,19.076029418118765,0.0018604533614997776,0.0400154546646031
klf9,55.79239735749812,-0.9046147870590996,0.6047383715387997,41.32342033559186,8.071944720406134e-8,2.7216698316098802e-5
si:dkey-201c13.2,40.71393310812878,-1.1788912641183402,0.4950359591369913,41.67522284770621,6.85248945179429e-8,2.4549043461053043e-5
zzef1,124.63596866718962,-0.38482778720443095,0.36230855953149876,24.639232417131154,1.6355227529969607e-4,0.00691868370492884
myhz2,1820.7231413104862,0.3019806945354837,0.5139662282303532,26.979697854743478,5.756408559114661e-5,0.003473235143246867
myhz1.3,660.2330567848497,0.5762811232040789,0.5254253457917468,31.556082181032878,7.273227799542497e-6,7.866064480561809e-4
myhz1.2,1265.9898602992218,0.7210452293324074,0.5214404911366137,24.578482888006818,1.6802153996211598e-4,0.00701092887034633
myhz1.1,4102.245371014056,0.6782907815500053,0.5089671315219833,28.36439895350614,3.0889213741461395e-5,0.002172478198356524
BX510649.1,25.41612174644905,0.25677278606623105,0.7500215542647408,28.745652481818922,2.6009401056391586e-5,0.0019616564059899548
ckma,673.4388084794215,0.2374078131544489,0.605502858687767,20.706751708030907,9.20166779873952e-4,0.02419447698274079
apoa1a,895.353029694867,1.5588335142323977,0.44259864137764343,32.20980032529448,5.399104514430958e-6,6.252053954892577e-4
eef2l2,87.42249953839604,-0.004879447851324964,0.4920025362461554,21.220072389934188,7.360547975332252e-4,0.020938293297570455
DAB2,132.2177700017427,-0.1257860747961812,0.39661667334064066,29.57827611128576,1.78525675308674e-5,0.0014515023700274032
fbp2,15.712732990370213,1.3552433495713707,0.9157528242297536,19.05427242695724,0.0018779037291719257,0.04013697023772362
hmgcra,29.41201913067076,2.146071837275158,0.7606598802189286,31.788519112961865,6.5424935133409775e-6,7.281858799703006e-4
ckmt2b,66.06444775553805,0.19941511869846876,0.5961513954219295,20.943126944574516,8.303474196082096e-4,0.022610672389331024
zmynd19,71.83810789868127,-0.7098116411462793,0.5515891670585691,18.554652935414282,0.0023258857411031513,0.04617478081367826
usp2b,84.78377319115857,0.4665978241570918,0.5594509504544849,26.723871669971828,6.455660513583883e-5,0.0036666134364587498
tbcelb,85.55836524313061,0.6548260696047633,0.3613929206789509,18.536591053981567,0.0023439069643528274,0.04640854825447464
surf4l,52.844273731999216,-0.664241301925724,0.5430551861050316,22.93986684726802,3.466191489184994e-4,0.012189085653992874
gldc,107.70563155622636,-0.8732353512049147,0.5065624597283376,30.03175083685437,1.4537859154179917e-5,0.0012345334618038414
stip1,98.91351428627549,-0.18133503991544075,0.5461931959259285,28.769339462894095,2.573282394504341e-5,0.0019536496271919048
zgc:175280,67.68563327377176,-0.030746185903834745,0.6244832585879491,37.59136876356504,4.5579180552622903e-7,9.33070939027266e-5
mat2ab,95.98920995588422,-1.9679646172235221,0.6212759694633725,32.170422619762746,5.496971176112214e-6,6.301727756295042e-4
ak1,248.0272406348114,0.46863041933785865,0.512037485768228,20.319670846958473,0.0010883327159779503,0.027481599682755996
smyd1a,35.16109156775764,0.5893979065505355,0.5448285700606313,26.48680862736957,7.178476321117812e-5,0.0038719900544805174
slc25a38a,15.473633987110087,-2.6290105059512547,1.3149154670854606,21.076186045644903,7.836459393703014e-4,0.02207301486226323
zgc:77748,42.65719323607927,0.8282405129300757,0.4660492272076945,28.512119548437084,2.8899122024846566e-5,0.0020836448735398806
hspbp1,31.765365299591558,-1.360721901907278,0.69142522534732,20.874054546807088,8.556609798838811e-4,0.02318982854229034
tlcd4b,189.31062418047654,0.7956773549984969,0.4148749898269201,23.160341760027194,3.145524193302373e-4,0.011411483972157722
arl5c,39.40079529034947,0.008787249312683123,0.6616414832070632,23.08187062545815,3.2561478530545863e-4,0.011701717550914665
tmem86b,73.03889564932443,1.2785188722268734,0.5503383364471746,39.9397152995374,1.535758007231268e-7,4.401482448724815e-5
si:ch73-141c7.1,179.43584197722612,0.36815620323533693,0.6746613546688217,46.41132339917141,7.48898054771532e-9,3.732768391261236e-6
ldlra,100.22908543904524,-0.1791410706256628,0.5761013363888937,21.462382419269375,6.622655108352834e-4,0.01922078940814098
zgc:153968,197.33078799790147,0.5982571326524696,0.5382838153865326,31.152094304945706,8.741287686642581e-6,8.790361582427242e-4
nr1d1,16.487841203462203,-0.5362886429705173,0.7202862319533115,22.67438508484358,3.8953933970236617e-4,0.013095832816269576
atp2a1,990.8646248481672,0.38018255649405397,0.5759220859154377,19.4570578970324,0.0015794363476414673,0.03592590930428925
hsp70.2,37.49048860181209,-3.9061468119158875,1.6210403326288283,60.97886708985588,7.627476671525601e-12,9.715710284707721e-9
hsp70.3,26.18378202472679,-1.7309284941733536,1.1390735772754115,36.48967425650534,7.579412907609539e-7,1.4014578963360605e-4
rpl27,463.00806384547235,-0.382432849973844,0.4024204086981585,18.673132311801027,0.002210997512517597,0.04470348409788665
si:ch73-367p23.2,173.4693654593792,1.2222427927899464,0.6248950717173599,22.652721843843977,3.9326478094301343e-4,0.013143986730993311
rarab,226.97928653005545,0.6595256429407785,0.271359063345146,20.047615931011393,0.001224276699814696,0.029883310740218976
scpep1,75.84319521697772,0.801665483679775,0.6359867694855186,21.153774819048778,7.576183673517646e-4,0.02144527645264353
slc16a6b,59.467950130113785,-0.6170735651922102,0.7305501176996455,39.69014004071212,1.7243821901382575e-7,4.821540836035362e-5
si:ch211-198m17.1,399.7405848459632,-0.17147551671343544,0.6457475921501228,31.339285794617837,8.027657412813037e-6,8.405104952345167e-4
znf598,85.49236616626912,-0.42837999301393087,0.4355599771804815,20.244902850843005,0.0011241386738480147,0.028076526703689847
rnf216,123.99136504143212,0.09981660689158449,0.3222723433535469,20.93767346255632,8.323188894188496e-4,0.022610672389331024
cyp3c4,135.0880138705264,-0.006791663891940941,0.7045398736763441,19.078066378676226,0.00185882777575442,0.0400154546646031
cyp3c3,216.4547114652606,-0.06215583030382732,0.6095501422475496,35.329147231175426,1.2933725513867155e-6,2.0830478803551212e-4
pdpk1a,75.71479872965404,-0.19711578291226586,0.5994502812011725,26.242514862870564,8.007239842702313e-5,0.004191163189844545
pde4a,325.45495332525365,-0.35902227915716023,0.557507679692147,28.87775258534893,2.4503742738899493e-5,0.001885308099051972
slc16a5b,23.91388748096597,0.5064432111518717,0.6050919043437594,23.48349337674513,2.727785315785091e-4,0.010199433435289241
gcgra,463.43518255644597,0.005202303399128985,0.48284583941283993,20.38118034657043,0.0010597196318144963,0.02715049976034897
ubald2,39.39411820393858,0.34380211904512753,0.3871113428560945,25.060279051774955,1.3564879564745833e-4,0.006122353516938827
pvalb1,2853.357626175751,0.6903935714753272,0.45037500216446563,23.143773850124944,3.16856705348235e-4,0.01145881788678917
sec23b,85.76293482075711,0.03911100507577765,0.5168873458464585,27.105792955762126,5.439917164540757e-5,0.003362447885415178
kalrnb,176.64729599032125,-0.490442561825218,0.27811092085957984,22.594414950971327,4.034675088178353e-4,0.01336806798002215
als2b,112.77183291713187,0.04098439301594548,0.38591246381003863,19.23156252584633,0.001740261228217036,0.038366066769769426
atp7b,38.56923282727155,-0.5212995052745499,0.6769889046617017,21.479450335243612,6.573519551288969e-4,0.01912660612588242
nfe2l2b,36.80918909635251,-0.4031647270997449,0.5653464598319229,25.44011459336113,1.1454932654344264e-4,0.005448935599560276
gpd2,135.85439624701573,-0.05488985893966485,0.46470703064909763,20.01078925061833,0.0012439177694370915,0.03027658876608666
trim63a,19.200311784646633,-0.2974481182523205,0.6633431570021084,30.050258892455133,1.4416408121031833e-5,0.0012333559902948429
srp68,92.56493786787395,-0.19693390511154504,0.39231766889471514,18.56726991976427,0.002313377852405095,0.046042645312451405
atp1b1a,365.29345514500835,0.3406936238910488,0.39679956215859385,27.746464943123442,4.0796628972966585e-5,0.0026991778315125256
meltf,71.94649437477825,0.42436604572000824,0.628490197683824,28.098820179957613,3.48149574414503e-5,0.002389932168316085
serbp1a,353.89407754077223,-0.18507346269859873,0.4055176834829154,18.337762034850385,0.002551565791833665,0.04904398309183821
uap1,57.72812816401467,-0.08030228523287933,0.4553664494998299,26.77976350608995,6.29603776974949e-5,0.0036666134364587498
zgc:158846,283.4476671196379,-0.05614062778016649,0.44233592258790283,19.17429645104295,0.0017836008006479062,0.03872575677770378
pfkfb4b,125.99139609317048,-0.7634656953319119,0.46859648116336317,24.24258969022091,1.9500283805457588e-4,0.007927349416516518
igfn1.3,41.69028275761232,0.7034028954608798,0.5291424781061563,36.756342412944804,6.702259689471279e-7,1.2595853291819467e-4
igfn1.1,29.36493817556006,1.0626824199586102,0.3799861966726049,39.101839022691536,2.2653425507809737e-7,5.771086000478463e-5
rplp2,513.7019343626633,-0.3562194788663107,0.44277531291312466,19.816174366078542,0.0013529736374874326,0.03238098075189129
slc38a3b,91.43331897237111,-0.7034039669270081,0.4478927131077217,24.064016310676436,2.110484533965139e-4,0.008314293710438611
mybphb,131.25095373372451,0.7575831497464374,0.43367216106678097,37.82504589806993,4.0912222495441276e-7,8.6855133090322e-5
pltp,17.662929149807542,-0.8523992172490957,0.6161218643206036,20.57807242160021,9.730172621196919e-4,0.02523680971253427
soat2,20.707315490619255,-2.316568322108156,0.8865063234081542,21.98840089952715,5.262633079948647e-4,0.016174484082716163
CABZ01117503.1,31.928385571584364,2.385445653817585,1.3342279399081658,179.33506709587766,7.4207229268294775e-37,8.507116763317313e-33
prelid3b,188.0781265086335,-0.19338749663100063,0.6081744170616867,27.967644345980432,3.693270819412816e-5,0.002490568039632266
MEP1B,56.185464406716676,0.9202974092333969,0.443357817081534,22.701818637897546,3.848715431654169e-4,0.013053749617894494
dipk2aa,47.11990704632897,0.4498906814733408,0.38807361905384846,33.79335606501988,2.617507378025489e-6,3.530247597845201e-4
anxa13l,37.227512056930436,0.05998073056244247,0.42398123170947005,20.045960197370306,0.0012251531793355652,0.029883310740218976
evi5a,41.42840928051283,1.3858542125446052,0.6358114683451586,24.99976774593486,1.3934817928124506e-4,0.006215904775409313
abhd3,89.26897864449367,0.28187468136201066,0.609932091899913,46.20465159888204,8.251183499570943e-9,3.9413153182950535e-6
st3gal3b,304.19629939585144,-0.1787218815311495,0.31033707767068497,20.962296795445212,8.234538283140631e-4,0.022485296007573524
glula,154.20571906840016,-0.6167088505789428,0.42221701222411584,18.65347770075553,0.0022296635488558538,0.04497668550779118
ptgs2a,15.241034375664448,-0.9002301384138061,0.9557076162997813,19.378622863062432,0.0016336475799050483,0.03664997232100092
agxtb,541.7045730413776,-0.6628333951530271,0.5875246357649577,18.76203895645557,0.0021284602047753603,0.04357262104918702
mknk2a,185.644308863008,-0.09575328884550886,0.5849664247173149,20.838410005031704,8.690197497438102e-4,0.023331246864316254
csrnp1a,43.52215904153186,0.025746320470283808,0.6276951378796151,18.914066680916036,0.0019942744034022516,0.041719638249276304
rps28,494.37862614898614,-0.5764446720705013,0.48145932673771236,19.428361669184113,0.001599061843240528,0.03620303812841093
ifi30,70.294331195644,1.8133900601521615,0.6750770229482393,21.31007498368939,7.077461811339708e-4,0.0202840055512996
myom1a,70.90193869410285,0.8692419189174597,0.5333019147380342,26.03906842912403,8.769250935625786e-5,0.004448260740089116
lpin2,151.6504405418305,-1.1504268930176216,0.5806884700473908,22.657969696423578,3.923590884971322e-4,0.013143986730993311
ankhb,62.9556087872259,-0.2585407378750321,0.37125657779419174,19.69042497785344,0.001428383821907229,0.03355531175070589
rnf220a,297.50010202052033,-0.08128915069143673,0.5841144182855023,18.675341836777534,0.0022089087311448342,0.04470348409788665
slc6a9,402.5126094320227,-0.7128128205922521,0.6608503129464368,19.99642111834558,0.0012516646083565973,0.030400599725000067
copa,108.67429308308256,0.12208658425244281,0.3272559991672393,28.556595889618535,2.8325243378152786e-5,0.002055193608146478
casq1a,25.667928890693975,1.464265740704839,0.5347678200742596,37.32432341521722,5.156456005137698e-7,1.0370809060157643e-4
crema,111.05974097507548,-0.23494579563508258,0.39975233006324223,24.074748395534556,2.1004829046970109e-4,0.008307196485241504
klhl24a,34.87827502011967,-0.25789504680989095,0.5361381011623491,22.109433256554368,4.991015213868394e-4,0.01557215557791751
rorcb,35.93563088998413,-1.5629233424043731,0.7812716022252294,23.327657408617924,2.9219014686483085e-4,0.010755284878662407
calr3b,62.30541472337551,0.6171258671378759,0.553622967122555,20.083656271331307,0.0012053504861938708,0.02958916054331164
nmrk2,50.79664822132067,0.21938327121747714,0.6021641860851922,41.209923171752635,8.509747963734474e-8,2.7873071616072002e-5
uba52,502.57673135633667,-0.39582003430268836,0.41586667351166895,18.901859365417607,0.0020047351952398877,0.04186208429550104
zgc:85843,43.880195873211576,0.5877368031919343,0.7061965807758825,56.521545482925916,6.345749930121595e-11,5.595975169147228e-8
eef2b,705.7840805882613,-0.24471474604179963,0.2925263962163573,20.160183777712945,0.001166112214022015,0.02881101383954392
cpo,43.88070366149588,1.4748185733095214,0.5519803772555076,28.693010724392806,2.6634670241821593e-5,0.0019943112154176255
mylz3,846.9364652779087,0.5759700413562437,0.4305435387964072,34.68188544603444,1.7413912052950859e-6,2.5926375035718006e-4
mttp,124.74905260980155,0.2610926452133782,0.5176637207399096,44.13663878585899,2.172902337180727e-8,9.082987123497694e-6
slc34a2a,78.37229613647408,0.3697946119072263,0.6674958408782867,39.49650784287749,1.8864745347722743e-7,5.149177158721275e-5
pi4k2b,100.90930409447667,-0.01867787431711291,0.4706729710236216,24.714030666504385,1.5821074268242982e-4,0.006742483100785782
slc25a4,68.80703447031702,0.5424958641763842,0.487016782321732,20.750106095678547,9.030052341062628e-4,0.02385265438662257
fabp2,1070.3223885753787,0.8281315266447732,0.29967366179636684,50.96586171075566,8.789132586801862e-10,5.303085051320871e-7
sugt1,135.5080602888775,-0.2805570227379681,0.40542826142919125,18.22575686365272,0.0026763785216811892,0.049831096835385356
snapc3,63.83393631693383,-0.038200942696467705,0.4456988607794438,21.496053223207994,6.526067629056026e-4,0.019085418188647525
ankrd10a,36.91653593515809,0.2853482172500689,0.4974238988032909,29.694632502720737,1.693657234223011e-5,0.0013968407577793238
irs2a,106.93304129562527,-0.39147632971769863,0.4336290881912582,22.8880364982451,3.5461437205257923e-4,0.012356532404895952
dachc,113.12463400381846,0.43128273594153427,0.4104653182168,19.4195841342555,0.0016051125567790544,0.03622246132069897
tmem184c,35.93690200073152,0.14510341883342426,0.4273215514247296,19.52662071166695,0.0015328389793125535,0.035447323731112465
FO681323.1,18.912606589405353,-0.17892152730730365,0.9300990476051137,20.076307232002733,0.0012091862502989128,0.029619895669715245
dnaja1,68.55849039062977,-0.7314118654897795,0.5769371154788069,30.179326325518133,1.3597016033813746e-5,0.0011990476293203137
kpna3,72.48988206712075,-0.7751607151236628,0.4926512014156186,19.77605250196831,0.0013765987307429665,0.0328094134079779
lrrc58a,21.90358702252721,-0.8656514391107165,0.6112276491594506,19.73872369926316,0.001398943161305327,0.03299893909712813
ppm1k,71.54383643057758,-0.062081293003227046,0.3324390953864217,28.80843420688653,2.528270981610015e-5,0.0019322732355451474
zgc:154142,235.12290985152828,0.2630335075481801,0.5850516748700099,54.80052355989878,1.434711077689129e-10,1.0965018529752116e-7
srd5a2a,41.617144098902976,0.39293686614954615,0.5222944984525986,21.665521601391532,6.060626663885276e-4,0.018046499759683324
abca1a,316.3011030723912,-0.47570497058793887,0.3701917500999517,22.782762555859335,3.714184956571835e-4,0.012710273534967021
smarca5,28.280859359210528,-0.4128910168432969,0.5111910625941578,20.813379802103597,8.785230643983458e-4,0.023476429860752063
ucp1,861.5128097870665,-0.8126422785638971,0.4996156247702636,35.947551770913094,9.730330749132643e-7,1.7161309493547171e-4
xpo1a,49.18738918776279,-0.14479905114928435,0.5089100086152788,25.641329818087797,1.0472408996349776e-4,0.005078532139059741
rab1aa,20.3530018450596,-0.9623706709141743,0.8018957558001824,18.28636026758545,0.002608120308501726,0.04917679476424965
dnajb1b,61.68901194721746,-1.7976557086717933,0.8065943317953491,19.051137872568148,0.0018804310318975717,0.04013697023772362
COLGALT1,19.473052451717415,-0.5730996852150517,0.837938828345774,26.6491675481561,6.675288083036608e-5,0.0037202134841120365
cyp3a65,375.6973110997224,-0.34460513211825267,0.4621570618599301,26.170344993652378,8.269734723600061e-5,0.004249051911998173
PLBD2,24.632135982618173,0.023044134745394292,0.5583215789405055,23.85376148032445,2.316205768919423e-4,0.008970602342869007
dbi,137.32889300112532,0.5992076038174964,0.4894876562820865,30.113761940715108,1.400730502098502e-5,0.0012165132178831232
gpr155a,43.170906320007845,-1.204234693893931,0.44756911699951235,29.353637340613545,1.9762357971130306e-5,0.0015624529088347436
desma,52.5328270059993,0.38986061127255756,0.572428201043888,26.80772388743928,6.21765921690753e-5,0.0036666134364587498
irs2b,215.68667036826707,-0.1550520626970802,0.38106505423120823,24.79139273113813,1.528677001535027e-4,0.006613114394565112
sik1,35.66197432295996,0.10927706024286905,0.5420725714794271,34.621289111886966,1.7905201082772232e-6,2.631605451447447e-4
cbsb,101.78553414955023,-1.6541952055898392,0.45941172463167823,32.79864526013739,4.1262468167306896e-6,4.979294053368486e-4
lrrc58b,86.43814451664261,-0.06428757313296712,0.4820413130180641,34.93799407380979,1.5481357148550541e-6,2.3663770446797787e-4
ugt1a1,205.9095834048463,0.6128915478298265,0.42553722338918154,28.607131571353165,2.7686893063975865e-5,0.0020346316800347393
crygm2d11,65.16704632347462,-0.9179409060736453,0.5429743712735416,18.79871792284021,0.0020952967901842986,0.04312474399043591
neb,368.5455948446253,1.0332575618471869,0.5120336343090374,30.05568551576789,1.4380989655460148e-5,0.0012333559902948429
nabp1a,71.02055526443648,-0.5027426717558399,0.399232081118312,32.0964870556857,5.685512892913444e-6,6.453338594491062e-4
zgc:162780,16.0478996936754,1.0676161161003797,0.5224503101338759,18.800000734451515,0.0020941461560271143,0.04312474399043591
hspd1,100.21790539917774,-0.5426702101595544,0.5605035540901816,31.129301146427878,8.83237777905985e-6,8.804728596447141e-4
mao,188.59917016900502,0.4505424722148155,0.547630607595493,34.50027509816309,1.8927967015418217e-6,2.7123776733094305e-4
f5,61.47818974252277,-0.032316755953039594,0.6166718085127829,23.227169500613,3.05424805619724e-4,0.011150923476511197
si:dkey-3d4.3,21.43795568625957,-0.8302256082901919,0.4507182815133846,23.002320536176214,3.372214195055214e-4,0.011968750319539619
slc49a4,121.79336335879538,0.2964409592979131,0.4018356520059636,20.803936639777078,8.821349164391306e-4,0.023481890345060298
pdia5,113.71496475232323,0.20281622311031675,0.2961650638339241,21.483828251386697,6.560974318082159e-4,0.01912660612588242
tfcp2l1,30.20016190777791,0.09334994982203688,0.5440712026435183,35.66728324349532,1.1070431113105034e-6,1.8433433524241453e-4
ddx18,113.54840161786758,-1.2229497105957934,0.4136344500470695,18.85881886388978,0.0020420493029571778,0.04233853071541287
ttn.1,2325.683195260992,1.0723598759544508,0.5432829171930939,25.271893838607838,1.2345981623350285e-4,0.005753428184149905
ttn.2,2227.2732717502986,1.157255736148764,0.5049560139325541,30.15638542391119,1.3739200190599415e-5,0.0012023373357636009
vil1,583.7019994135517,0.29346368898917874,0.4735277271658648,27.737144077378133,4.096798174137992e-5,0.0026991778315125256
xirp2b,42.24232177587032,0.4398251345981883,0.48685248081981036,24.917754887933967,1.445218930915538e-4,0.006396907267959741
GALNT3,47.20535738306765,0.43298991701211237,0.4672672853978278,26.56890812565024,6.919502973678934e-5,0.0037773896233454906
lars1a,25.717514560370677,-1.5712623900878961,0.6115025261510277,20.842369719471222,8.675256543424302e-4,0.023331246864316254
rpl31,588.7729523877297,-0.4845552862276387,0.4462825406075962,18.27826033069408,0.00261714357994729,0.04926590147867937
COLEC10,50.75078355427377,0.6315904673029843,0.7249738888376435,20.757208553595177,9.002239831431662e-4,0.023834105641462485
cdc42ep5,30.091753366415112,0.5810212681650253,0.4733716956207256,27.66918632944345,4.223906042858318e-5,0.002767020507161586
ankib1b,119.15605477620672,0.05778275122846018,0.3254552265216847,24.782478036336556,1.5347417834219904e-4,0.006614390904191616
nop2,92.99180569976194,-1.7344550697614805,0.49712615445147,19.204079032116454,0.0017609303763642021,0.03854954283150846
cpvl,64.99227445261843,0.31938359938046595,0.4458796357248278,19.973054061098395,0.0012643648395581765,0.03064414063571868
aqp10a,52.85622151970469,-0.7223302118547389,0.6138133635013064,23.806777329140203,2.3648200532923468e-4,0.009066988993626577
efna1b,111.2552111436315,0.20224250535133897,0.5359029489093833,19.386495789890688,0.0016281246106628526,0.03664997232100092
s100a10b,67.13607441529423,-0.42197298079802426,0.4602541127990029,22.46193929599987,4.276299702847083e-4,0.013927130623136068
icn,1086.4630075844125,-2.3167946202803766,0.5974743380245756,33.460030229527774,3.0491800831778043e-6,3.8476342862567926e-4
nbn,123.44788958564176,0.6349704326131114,0.3426985968439581,25.91619052759438,9.263839577417862e-5,0.004650495530102149
apoa4b.2,239.56668721582824,4.647397414328615,0.5951540850396626,105.01607602491612,4.6248506353264636e-21,1.3254821920845644e-17
apoa4b.2.1,512.5729864699795,2.065811781800873,0.37769875406583414,48.7435970305811,2.5038186735445668e-9,1.3668465368340435e-6
apoeb,354.97008390926396,0.6118746033020058,0.441234261445667,18.407176956371956,0.0024770965790180703,0.04804980572227269
apoc2,845.6090309053388,0.7434665277848483,0.4929460711733877,31.200615881248524,8.550473410669167e-6,8.674568776983304e-4
rps19,702.5685291537536,-0.37260660721844613,0.3957023226781258,18.355345109631884,0.002532497453950228,0.0487942030455217
fbxo32,41.00106410545547,-0.2497480361814006,0.6331406704665659,22.851376407538297,3.6037917004681113e-4,0.012443693700827629
alg2,16.668516289185124,0.8010970526152515,0.6049527372985118,19.331451677048875,0.001667126443611722,0.037255238888040505
nr4a3,35.85242704658811,-1.9003267436800197,0.747395827157889,74.81281659637324,1.0178460789492826e-14,1.6669410641535108e-11
bcan,25.5768758427993,0.7096538135497281,0.6235779225337618,38.21220683829945,3.420399940112467e-7,7.696238225678893e-5
me1,67.26884133047812,1.6048341262831702,0.6942719568379009,22.310917195246333,4.5692079104271525e-4,0.014550388745871355
decr1,23.902014456837698,1.565914896131314,0.5658585411796556,21.275663386108846,7.184406941412682e-4,0.02053916238811845
pnp4b,302.8285193325632,-0.63741007132199,0.4210999765576341,20.866490513739336,8.584787950262486e-4,0.023211322891936115
tp53inp1,119.96216059823165,-0.389422152555484,0.5599224158218663,22.713870397873933,3.828384473106089e-4,0.013023323323349616
gramd1a,186.937817668522,0.1563746786379574,0.28154240719002305,19.275288504028225,0.0017078669615326668,0.037815256303941565
rab11al,35.40641154146048,0.038813995419627635,0.5431712985420765,22.00640041078219,5.221334721825459e-4,0.01609069388467932
eif3ha,157.93997068672903,-0.36632142950108254,0.30677719529562075,26.232530801342136,8.04305566788032e-5,0.004191163189844545
si:dkey-97l20.6,47.06235251396938,1.672949999352026,0.39650401028135135,33.808467308077866,2.5994477932151837e-6,3.530247597845201e-4
fam20b,139.9489171583329,-0.21563495016981446,0.31834731839340286,18.744279259594947,0.0021447022322293834,0.043826856310655346
nfkbiaa,37.248279226165714,0.23328136798022822,0.5262276329940351,23.050886714136197,3.300877650240759e-4,0.011751944528683249
tdh,103.67387286632427,-1.218448072058125,0.5171405596392038,22.39429529126585,4.405130248444153e-4,0.014265653437334396
clocka,157.37675844253403,-0.2825681699410213,0.5385941483471649,21.012393175029644,8.057039438450663e-4,0.022313331334559393
sh3rf1,344.58576528884095,0.47078033328655255,0.4495298414166517,26.98114281915548,5.752680393464604e-5,0.003473235143246867
cyp2n13,75.28325924370525,0.30725868278211454,0.46651746679449374,19.38274353499267,0.0016307545785077238,0.03664997232100092
chac1,152.95880864600943,-1.2921212397789947,0.5882016525097387,18.21922072035605,0.0026838440213525377,0.049831096835385356
ryr3,139.04682478257112,0.9604359393028266,0.41067586728668987,28.479306200600575,2.9329893637693263e-5,0.0021014868791407225
pdia6,126.53100035656054,0.09306654773432091,0.5235957442541207,25.449316711148214,1.1408070365583154e-4,0.005448935599560276
ivns1abpa,145.61879072849985,-0.1277272587540595,0.5026926556930899,26.94189569784865,5.854797637931082e-5,0.003514104718389629
txlnba,27.83920078110445,0.11669598292592843,0.5034918796198307,18.297737824362258,0.002595497273821966,0.04917679476424965
atf3,70.98736807070729,-1.4408226879936055,0.7445955790304992,26.75249590399062,6.373417201058569e-5,0.0036666134364587498
flvcr1,53.7208896134052,0.23313017517027074,0.5777619393210192,26.06266388103255,8.677316418001948e-5,0.004421189129598859
trdn,38.333279760834166,0.16685414325249742,0.486905137225907,22.510226250914698,4.186617493378537e-4,0.013732282708392806
cx28.9,56.81657088532208,0.5889363037413691,0.49153017820215444,19.33754059955227,0.0016627673502447912,0.037230400201574775
nus1,70.12344456942486,-0.803421367843596,0.5464697944576169,19.44427438136907,0.001588149651682488,0.036052569518590184
slc22a2,34.41587792150226,-0.3103852006263629,0.4861344618962989,19.29857521682858,0.001690857546145834,0.03756587385468187
fosab,30.643994265470923,-2.052451955922823,0.9296660471704228,55.407012949004624,1.0764198495177235e-10,8.814340824907988e-8
GNPAT,136.72384706623544,-0.8863946142784777,0.6077666323963015,23.338311329808363,2.9082065034966145e-4,0.010754735276156514
hadhaa,41.56164269155812,1.2686508764463185,0.5175031810263229,24.4648827439171,1.767055780326142e-4,0.007279695451516641
slc25a29,59.11272934106555,-1.2274733936733104,0.4234075887915479,28.3324296365965,3.133748308303904e-5,0.0021905665003899974
slc25a47a,26.567772634771003,-1.844227340283389,0.5328898111745449,28.370589821657774,3.0803144330504616e-5,0.002172478198356524
hsp90aa1.2,524.3660973501641,-1.2704651255257602,0.9759255647211533,18.607839375860237,0.002273604675391595,0.04556748950819798
rps29,692.4430658326463,-0.5532599825118515,0.4558772472930125,18.24563781843878,0.0026537956345704743,0.04979232922212098
fabp1b.1,313.04721004868367,1.2295742695980596,0.4090659759783759,24.00384934277173,2.1674346184068287e-4,0.008509407693635576
rpl6,342.64167303202765,-0.12604126242562,0.39378994119036836,22.37673215610198,4.439201645392244e-4,0.014295226871566487
slc25a25a,117.96943598198477,0.9766802065078968,0.6960022744974804,31.50560697093536,7.44232788022573e-6,7.973724001767081e-4
pptc7a,114.63626483917635,-0.36554952500957205,0.29071615841890847,26.722125663396554,6.460711044702263e-5,0.0036666134364587498
tfe3a,66.15899875160237,-0.2012476244005409,0.3118010061966343,22.237130133022177,4.719432977545323e-4,0.014904567397955808
slc6a8,315.17261788165797,-0.02253249926189148,0.6446537239197718,38.74807201615934,2.6688778602821455e-7,6.509790593675429e-5
ampd1,80.18413703963542,0.7058790031015882,0.5421234668951362,29.326724136535546,2.0004355936488755e-5,0.0015707529894240211
cpox,22.39699347706631,0.18846982111279473,0.7707284905910688,40.5316237890563,1.16657109843807e-7,3.5193608085510615e-5
rorca,44.70828506071576,-0.2702853925092695,0.5136393078539007,19.768541773492217,0.001381066152701762,0.03284759828749585
zgc:77486.1,68.40397657745808,-0.17131776164518736,0.5360865501752671,35.24444643298398,1.344740368440963e-6,2.1117950114804383e-4
slc6a17,33.55818813575357,0.06822845726334294,0.4717977101008125,20.974630697390182,8.190483236173057e-4,0.022485296007573524
slc26a6.1,57.79417290556563,0.44362813675849555,0.5745986300897817,39.17749787618894,2.1872651689330889e-7,5.698819976511121e-5
tuba8l,85.73463886417679,-0.3405559536542089,0.4093782429383174,19.486325325174903,0.0015596640336990365,0.03575997696465151
cebpb,41.317236850136375,-0.326058516666435,0.5118462309313478,24.865467586456347,1.4791915709675747e-4,0.006497108110947232
adrb3a,34.84588253816784,1.3913407778099782,0.42771695655718084,20.14785656181232,0.0011723467905569748,0.028840737353959568
rfk,37.44918072856368,-0.2181555500335561,0.6019524122073482,29.521748270034948,1.8315156913847533e-5,0.0014734668767296638
ulk1a,64.4035603650839,-0.41127055064169793,0.5398468853652537,25.35485807992322,1.1898269333931532e-4,0.005613241137621032
sult1st1,46.405048249625324,0.680858767599789,0.8057329475678977,24.810065580963823,1.516050373598663e-4,0.006583333895051164
plod1a,33.66839714267695,0.5212711940537615,0.484579684161729,22.536297348965746,4.13897075482397e-4,0.013634816302672988
mfn2,105.82916028154939,-0.08187505287058129,0.4468999949374122,28.670896347834315,2.690176864125517e-5,0.0019943112154176255
si:ch211-263k4.2,453.14427078498755,0.195225017858033,0.3623719129323665,23.719679929141876,2.4576222964217085e-4,0.009391394002059489
gfpt1,125.33569799250036,-0.5402709150333656,0.5303551960532912,18.831963889323703,0.002065675771244399,0.042668300975758175
entpd4,63.141217758410214,-1.2451963745700692,0.5044977522115983,33.598571665265126,2.861774910744562e-6,3.7281122246335976e-4
si:dkey-32e23.4,111.74996016607837,0.7876449316478844,0.5487718008377701,26.193323214482376,8.185246899980462e-5,0.004226832002764686
actc1b,3657.2231795761195,0.6773576377281593,0.6315909565983652,21.83377042789448,5.630954655781944e-4,0.017032523528729342
adss1,31.413732657055924,0.4619007718438768,0.5604761989198376,18.869076174888193,0.00203309529708079,0.04233853071541287
si:dkey-248g15.3,62.2549316269668,-1.4234670515757961,0.40209132304725853,38.03471370967242,3.713135167185784e-7,8.031581425776948e-5
txlnbb,40.78530640837657,0.5341671212074989,0.6048690790843144,25.21558618686953,1.2659302462846454e-4,0.00580504973736287
egln3,109.41814575255253,0.4200689062389942,0.7764172040640619,100.05311145292583,5.1506641290105055e-20,1.1809442714995289e-16
cfl2,29.29083176197904,0.20418994507453544,0.5617915600455433,21.02283460452243,8.020521405709389e-4,0.022313331334559393
nfkbiab,94.60441017194974,-0.02398016108974826,0.3855022586671957,26.432497309421223,7.355049650318825e-5,0.003913633710324507
sdsl,47.06184815296902,0.8682840340844648,0.5701521714368089,22.857303658905735,3.5944087716912324e-4,0.012443693700827629
gch1,91.93003021318358,-0.6571964035758442,0.556126036945017,29.701839016045085,1.688140015353115e-5,0.0013968407577793238
si:ch211-266g18.10,65.97112668423382,0.8358875471177212,0.5262524125356416,18.383633814733827,0.002502111979331007,0.04837135199165373
p4ha1b,64.53660582330764,1.336967356372125,0.6442965855441372,135.62578804313935,1.5210275797661728e-27,8.718530087219703e-24
zgc:162183,55.11657867797757,0.05164368506715873,0.5670472249574593,24.380333565287245,1.8345565687476786e-4,0.0074985676190014484
slc16a9a,29.735557404008905,-0.6924887431761794,0.5707564434461134,31.289514513585885,8.211547057420261e-6,8.405104952345167e-4
slc22a7b.3,27.834222994346806,1.0543362919114065,0.4939235404148312,26.769964121538663,6.323738489436314e-5,0.0036666134364587498
si:ch211-149k12.3,38.79663329473391,-0.5887175085688005,0.6929354735381275,28.141635717101167,3.415015117523543e-5,0.002358417669113849
papss2a,274.53762381535597,-0.45306518137629676,0.5496638230126933,22.380499018412934,4.4318723234687215e-4,0.014295226871566487
si:ch211-15d5.11,37.124835913084745,-0.6729201846528955,0.5518421001975925,18.326785824548978,0.0025635404577258984,0.04914452810596939
gale,19.452167879647256,-0.02936358697294924,0.6045097651882478,22.10590312926452,4.998738008263821e-4,0.01557215557791751
arhgef10,54.16786844040772,0.09278619215343503,0.38366415476253496,22.948367803219412,3.4532491708075426e-4,0.012180937998196204
pabpc4,87.30006025884407,0.11539573612926303,0.44642423224721883,44.14092044447557,2.1685570629528748e-8,9.082987123497694e-6
pgrmc2,46.49251961560237,0.745768252514997,0.44985874879501603,18.224215202460584,0.0026781375512153946,0.049831096835385356
si:dkey-221l4.10,32.87956246586727,0.9472578543991919,0.5586426413230537,19.19119661124259,0.001770701498061602,0.038665375188148964
lpin1,743.8588919570252,-1.5275789824117125,0.4482275536969699,58.37636191105821,2.630450244606951e-11,3.015548160417409e-8
apoba,183.59327953234458,0.3516047868524886,0.7340699586013347,29.59006843902293,1.7757538433451213e-5,0.0014515023700274032
ldah,123.93723209444936,-0.11454286839895107,0.5770779098495491,30.65716579149867,1.0946282434660372e-5,0.0010370924118260042
tpp1,33.734425396000375,-0.5339168653781591,0.48663404252134923,20.245867428561894,0.001123669444054841,0.028076526703689847
fosl2,142.19244365418106,-0.09847650521608407,0.411368779729183,34.53720875366645,1.8609804444605278e-6,2.700541748771581e-4
gnmt,91.04462329113915,-0.6726416125465061,0.4959432986346667,18.69304668196827,0.002192241162676624,0.04456002249809365
odc1,29.39163268089274,-0.7484118503159511,1.035108503683146,23.808848116075694,2.362656325404149e-4,0.009066988993626577
numb,143.0382196094364,-0.09055666283221649,0.4617143654875426,18.626710232262354,0.0022553335274999426,0.04535990098115674
pmt,31.2908412725816,0.9272811538877807,0.6481264921792341,36.2511822884276,8.460182808199177e-7,1.5154302455186775e-4
dhrs13l1,98.98070278593137,-0.05204805227905342,0.5052617319623842,18.85505056530627,0.0020453485091793577,0.04233853071541287
abca1b,630.6040675678596,0.555351983940041,0.6485385823895925,35.662507182351135,1.1094791636188593e-6,1.8433433524241453e-4
eif4ebp3l,374.29355029629255,-0.09076420458830445,0.4086084202101778,21.025703092215224,8.010517693078339e-4,0.022313331334559393
purab,91.41948813809117,-0.009171200984124026,0.3685416856070798,18.48348073249474,0.0023976948093372154,0.047228820093199037
dnajc4,35.43024470404286,-0.8233013956004545,0.407430116689539,20.27488167761635,0.001109644871806094,0.027958173209637498
ATG2A,93.02973384104477,0.14878092391088624,0.3319952471957412,19.31453845957455,0.0016792936968027606,0.03745413023374873
ergic1,95.49176096404217,0.4771168499646236,0.4998426283713721,23.11267350386177,3.2122730230669253e-4,0.011580345263031205
canx,227.47775343007308,0.026935173730698647,0.33716805288009577,25.628519122642928,1.0532395981053855e-4,0.005078532139059741
egr1,18.937179775352714,-1.0987999908512458,0.6900923579846322,50.03086888328809,1.3657869259744373e-9,7.828690659685475e-7
si:ch211-221f10.2,115.31691070028681,-0.701145784757608,0.4514548825360686,18.695179011922704,0.0021902421042094243,0.04456002249809365
hnrnpa0a,110.33923713873583,-0.36111072527049887,0.38466772783826747,24.820412414221977,1.5090983115026492e-4,0.006578061993561358
mtnr1ab,25.44855776430081,-0.057499215490557594,0.8839998031005362,30.26556592924662,1.3075465653761274e-5,0.0011619933198040251
asah1a,19.026886436026384,0.19579299742367845,0.6274033859961418,23.188622310182566,3.106573105912244e-4,0.011305953678151735
arr3b,35.59175460498772,-3.261647500499208,0.996333447711814,18.597925374425515,0.00228326171187613,0.04562094963625215
slc25a43,43.26374833643941,-0.4355453745759357,0.4840934506401504,43.87303635750963,2.4578281028491012e-8,9.392180457020699e-6
stard14,68.6117920291602,-0.1875419029731584,0.5950237203865167,23.86755799096045,2.3021191760533036e-4,0.008946269231957652
rpl39,800.382429444864,-0.5966020379506343,0.4942025619127278,18.46901771492651,0.002412550831811244,0.04743993608213396
lonrf1,94.55280935206412,-1.8712132367287302,0.6482838890824767,24.75870879371098,1.5510289187023623e-4,0.006659548885394711
adra1bb,20.546644397627553,0.23453178286111195,0.5031515318560368,18.373861339183108,0.0025125681638718633,0.048491719580180205
nocta,127.91540575322149,-0.061843934262407724,0.6305589040255335,53.35173378051434,2.8480264353433515e-10,1.9205750032221284e-7
CABZ01078594.1,28.81776379566029,0.980832899877622,0.46082525658973267,23.935063696492904,2.234405917238097e-4,0.008712663073203246
ddx21,145.94759615996455,-0.6332789560305888,0.37716987551465386,28.585540838541476,2.7957854790915594e-5,0.0020414576262615058
abcc2,140.6138578110732,0.1380544785069952,0.4920587123540071,20.80213927030735,8.828240351291861e-4,0.023481890345060298
pcsk2,56.15848293715329,-0.0794206835976611,0.42034120245323225,20.261820052469673,0.0011159370023954734,0.028038868623898604
si:ch211-165e15.1,149.02784201076588,0.4263123560883827,0.28481685201811247,23.426113693407643,2.797730843060635e-4,0.010413372202872442
klhl31,44.16221692000949,0.1327283005173696,0.6664245116628914,19.047202566082376,0.0018836086870111048,0.04013697023772362
elovl5,26.88464549966405,1.2849345453976306,0.7683695163690973,25.52660549951112,1.1021891671998156e-4,0.005286818666434597
pla2g12b,107.25886956048912,0.8771997678899194,0.42218402549810913,31.680084673226702,6.8738356492071675e-6,7.504919226905807e-4
CABZ01061524.1,33.431901329362766,0.7988991550662583,0.6175037722819784,21.386358825909156,6.845948226350056e-4,0.01976875326621588
lrpprc,125.30562554271762,-0.4478722599304906,0.40324704379367693,18.55245392485523,0.0023280725148557254,0.04617478081367826
eif4e1c,45.68265606817413,-0.8638473353247995,0.5322018633212197,21.25610882244932,7.245887092387573e-4,0.02066339542963461
acta1b,169.13678710245836,1.6270280215115307,0.6283199072240242,19.50578404980692,0.0015466530539951994,0.035532726675352636
rhoua,49.91756852993204,0.43288879277434517,0.43164929309039074,23.968590671551908,2.2015115296100421e-4,0.008613695623020315
bag3,18.6193489306502,0.32504658660747493,0.783564681072601,25.007051842091542,1.388976302377754e-4,0.006215904775409313
smap1,516.9291687131326,-0.21731707353341673,0.36941437952336953,19.153523957399017,0.001799582198631257,0.038998885302663
fbxw4,115.281890798986,0.1842891969415076,0.3841070037465874,18.722427833299946,0.0021648532666699483,0.04415992499840621
hif1an,27.508557031376753,-0.3314199947577184,0.514449557825136,18.613760606254914,0.002267856042538878,0.045531876833039754
pdss2,61.001555017210954,-0.3538950041606244,0.4145332153710494,33.40893402825266,3.1213362580415365e-6,3.8476342862567926e-4
arg2,89.96090218778279,-1.8259216788088395,0.6344740470120019,30.62632258353858,1.1100684051363265e-5,0.0010378915478271233
rrbp1a,140.19410520239728,-0.5088384068276912,0.4455349962308481,19.805549958964946,0.0013591905517770246,0.032462001011607934
lgmn,408.26114829994947,0.036829863781078165,0.6314626188503351,31.328910450638347,8.065650497348e-6,8.405104952345167e-4
sgpp1,60.96926276127395,0.6150755491116745,0.47883462868269633,19.82757105778967,0.0013463358998842372,0.03234297435977861
ifi45,29.317008656837167,-2.980649771000756,0.9898219194509726,21.647688750670284,6.108020748603999e-4,0.018046997387112435
herc4,82.0650963973711,-0.5934578918714258,0.607012990401822,24.723628015119573,1.5753798811186264e-4,0.00673886378997908
gatm,67.22636957379859,0.8802810720256034,0.6143105802501122,31.06642680248521,9.088564871108705e-6,8.982009282964672e-4
mibp2,125.8684067976852,-0.16080116014452267,0.33937228085791915,19.63772321658294,0.001461203444758867,0.034186196511664595
miox,54.16253508562037,-0.2896897324489949,0.7507719846636258,18.45642598735978,0.0024255581900159808,0.047532648017680694
calub,21.9042299522785,-0.5578271015970082,0.619989916418554,28.665754110524773,2.6964256663444866e-5,0.0019943112154176255
cpt1b,28.41492119032815,1.0564452511043174,0.4983149696492272,24.221658664392535,1.968193118929533e-4,0.00797292081816543
zgc:110789,55.73402839177925,-0.03359058612338975,0.707606062995141,18.25983309596006,0.002637785532024508,0.049573071047752396
tat,289.5447712038518,-1.7504196566258217,0.6525803211614303,38.10774981055488,3.589773785410268e-7,7.914070514604483e-5
si:dkey-246g23.4,25.260096938184308,0.025066736080536393,0.5826953836246604,28.447480134704406,2.9753788463290664e-5,0.002118617583497914
cry1b,19.948959477424584,-0.8021411103206169,0.4982540917111791,23.32361166334296,2.9271187038927695e-4,0.010755284878662407
rpl4,362.2753804667286,0.030095632251833798,0.3840882828572682,19.96151757997768,0.0012706816831439035,0.030732267543379134
ddb2,29.23595381685923,-1.3782878786506316,0.5901627057174159,23.51762380767832,2.68700314353396e-4,0.010099607881138792
chka,173.18688774556716,-0.6007083264823841,0.4834314313464063,21.048055838728573,7.932983552216807e-4,0.022290128294758207
ctsh,98.1713021185538,1.0706401466390307,0.6700766860484088,18.517161210677642,0.0023634459736799275,0.04666507486787609
nucb2b,68.00658785830463,-0.3321148198758601,0.4040022404118368,40.290644405700874,1.304793408244378e-7,3.83542349541373e-5
tmod2,232.0504777149881,-0.03929871241625648,0.3190904722885299,21.341165122555054,6.982189305259768e-4,0.020111512109421605
si:ch211-132b12.7,116.94063166721844,-1.6101469302104996,0.5554312606484987,21.01211219569882,8.0580244003032e-4,0.022313331334559393
b3gnt2l,23.78588840634568,-0.6519075664012531,0.6066409935641802,22.544550912425848,4.123998653775884e-4,0.013624645696509147
srpra,129.9351949509253,-0.7207291368890221,0.3891053744271635,24.877666306394275,1.4711956928336345e-4,0.006486841316401841
wt1b,20.60438361630615,1.000799390646859,0.6019138372127184,26.50257096023195,7.128021850958988e-5,0.0038719900544805174
asah2,108.66212398767873,0.8032868236248772,0.40562637525809203,19.760503209860616,0.0013858633262742227,0.03289345170270743
rltgr,28.719888258961987,0.0719558587024089,0.5220700795104201,25.626185743120672,1.0543358767412931e-4,0.005078532139059741
a1cf,181.64726822764806,0.6375656742340756,0.4285817781664388,20.783693759174525,8.899268300145526e-4,0.023616021248349148
si:ch73-103l1.2,122.47250036952637,0.2804538585165271,0.6737351282892312,20.67234897684739,9.340130683870921e-4,0.024390719398609623
atp2a1l,346.6132552995896,0.30054734532657146,0.613798247438253,26.73376641752958,6.427112609952876e-5,0.0036666134364587498
oplah,112.49872645088249,0.910030682421654,0.41937458567842556,21.66773331885409,6.054773952954643e-4,0.018046499759683324
mylpfb,207.94930357898917,0.9446589225440483,0.5444197385855988,25.23686718403127,1.2539970915319764e-4,0.005796702684404265
mpp3b,22.704312037670643,1.3140231238369608,0.5698866248511228,23.31218875788214,2.9418989715497605e-4,0.01077505744723529
usp42,71.29559788060304,-0.16412199760897225,0.4821108268672563,18.299167191698928,0.002593915677159166,0.04917679476424965
tefa,70.07362852989056,-1.2065345145013955,0.4237791988379367,22.007243811206394,5.219407472402005e-4,0.01609069388467932
polr2a,56.09005242959575,-1.0017290739970621,0.36914272149854094,20.974494870817168,8.190967123770479e-4,0.022485296007573524
si:dkey-219e21.2,72.78926614802938,0.3986081603795145,0.560719782641162,23.356230519204303,2.8853153868953104e-4,0.01070461346128409
BX005058.2,30.874776144257215,-1.2951182124687997,0.6124834540108963,23.052320260175605,3.298794790251667e-4,0.011751944528683249
glud1b,606.9866398727931,0.027234728152041414,0.34052233443876473,27.598838864586526,4.359603344544545e-5,0.0028077804911156557
ldb3b,52.90001011004825,0.6824410924375074,0.4590561873890954,35.87900862498667,1.0042351515556837e-6,1.7268019982611738e-4
myoz1b,25.126626877654243,0.15223296919599077,0.44621494801169165,32.37462588595126,5.007907507501484e-6,5.918623883092477e-4
nbr1a,79.2954432371466,-0.06182511091349288,0.3078271770322561,22.60564627798405,4.014821017945977e-4,0.013340842941951501
lrrc59,58.08244509729294,-0.5107272244715928,0.45165474658839205,21.947961335562255,5.356597174060128e-4,0.016375474667580082
csnk1db,96.62173310153379,-0.41791846232412405,0.31182527813830946,23.61066744864118,2.5788614293502024e-4,0.009725022179628525
slc9a3r1a,339.6715007813568,0.35060020127588476,0.4230231928194862,20.148557394433794,0.0011719914619516237,0.028840737353959568
CABZ01048956.1,30.95994133754689,-0.4424091717040225,0.9117571746781706,22.90516755234492,3.519518299656817e-4,0.012329078186093407
fam53b,92.52468797053906,0.02677169506166495,0.4531508635115257,24.560251902361017,1.693861882168926e-4,0.00701092887034633
slc6a19a.1,79.78740450247668,-0.8957736672012122,0.8017128093437245,35.304252043729946,1.3082645445356657e-6,2.0830478803551212e-4
dgat1a,39.06931386077078,0.0925844159145085,0.5664781323458243,18.29664910976568,0.0025967025720055564,0.04917679476424965
rplp1,1176.873953155517,-0.36087018569881874,0.40212463525209996,21.65864718250259,6.078853591352433e-4,0.018046997387112435
hivep1,217.50047407683488,-0.3152743170569554,0.3509239615928843,22.988311822643993,3.393072419749586e-4,0.012005611796299151
pdk2b,163.0625641905109,0.5099417938742128,0.5271919857733071,20.500123842097366,0.001006473741083859,0.02598697064816522
rcvrn3,39.20839140780203,-1.4043537601712102,0.627705179923618,18.960526600860263,0.001954949353936943,0.04119768270870058
apoa4a,178.7963802940437,3.5355207516042517,0.6402125846295293,128.27339390776496,5.532571250485318e-26,2.114179893852123e-22
apoea,435.10353781443354,1.9118262383792681,0.48955408668214834,30.860606028223316,9.979952018082064e-6,9.695777113160406e-4
spag1a,77.28584767244055,-0.2746984877809797,0.4790933562275881,18.305035676411933,0.0025874320877859137,0.04917679476424965
slc25a32a,116.1100421651369,0.12575448763182942,0.3882238478020624,18.335510543477483,0.0025540176121621955,0.04904398309183821
cspg5b,164.13608116362815,0.9151027169957796,0.7650563866481527,18.42254307256883,0.0024609019784177667,0.04798577128772123
mbpa,68.74773025291198,-0.5956545176846522,0.5146859093212728,27.10116510368661,5.451221895357148e-5,0.003362447885415178
si:dkeyp-92c9.4,34.80089800072605,0.16450476077259626,0.9440662713070122,19.94216678606908,0.001281347050418114,0.030924973865248968
si:ch211-195b13.1,34.490695014615284,-1.3778891014728776,0.4842640653199391,30.619369924569995,1.113578684427217e-5,0.0010378915478271233
dtnbp1b,43.96822826330602,0.30640143663414,0.5079142704957192,18.287581955179334,0.0026067620065478516,0.04917679476424965
mrpl36,31.68360834143328,-1.0992370547601165,0.43735238326602927,18.515618449493985,0.0023650042304811593,0.04666507486787609
mfsd2ab,39.63818899681866,-0.7686375490799668,0.6034207700560248,21.899791265228032,5.470685326258208e-4,0.016679770367080876
mtdha,187.88279244882665,-0.803988409176455,0.363452315009399,27.775850931878892,4.0261042363760984e-5,0.0026834452887102085
tinagl1,279.1520041247143,0.2770241067895998,0.6011580044705973,22.00885026819313,5.215738508098219e-4,0.01609069388467932
ptdss1b,38.75016962575733,1.2684121326225528,0.5498114171591201,19.51185784561025,0.0015426137270529018,0.035532726675352636
nme2b.2,537.9870736011012,0.35656574496917814,0.5801849595688789,22.689911698981803,3.8689067661764064e-4,0.013083524238184758
porb,429.43047155053875,-0.4909104968265341,0.49570382898843796,24.127832197287063,2.0516972408309687e-4,0.008195586587385117
hephl1a,19.06521448268695,-0.752860256178143,0.7469174713678912,25.292284786221785,1.2234420940070335e-4,0.005724710271712912
si:ch211-235m3.5,41.197322714469905,1.2987220077220694,0.7238388142530428,25.333607372658506,1.20113926897434e-4,0.005643385483410588
foxo1a,899.6931837067473,-0.5086640274363068,0.40330715134382106,56.82611146116139,5.491954003954066e-11,5.246646725110784e-8
abcg1,21.497697234542525,-1.7914062911180348,0.6069868207778594,40.980844296817054,9.466759915397007e-8,3.014637101947536e-5
egln2,127.14909999064398,-0.015650098517403146,0.5507464695456591,43.95425739019916,2.3662787814926355e-8,9.354144810700542e-6
zgc:92630,93.90649914538474,0.09635755684449847,0.4931570025291876,24.173032537736418,2.0110411966086354e-4,0.00808932500979698
TMEM120A,56.525150386091724,1.1176946801156127,0.5400173064621786,41.407552696228436,7.76196359140826e-8,2.696459109451645e-5
gdpd1,35.93849983536281,0.32694499699792007,0.6203021911277075,27.60569902319064,4.3461823789006495e-5,0.0028077804911156557
hip1,175.9919179156367,0.42660192267548364,0.43178503528336587,26.638190481094767,6.708178202864101e-5,0.0037202134841120365
plin2,351.52529160727784,1.1889022245945777,1.2649378848326276,38.21003925705429,3.4238324276833875e-7,7.696238225678893e-5
vmp1,110.38997332109923,0.09710557606944045,0.38298796972534643,24.459010496178877,1.7716634952661748e-4,0.007279695451516641
zbtb16b,121.27457493927763,-0.42673293818153246,0.4721623310869353,38.27565372387804,3.321432042637699e-7,7.696238225678893e-5
ulk2,448.55230325824016,-0.4919329575823562,0.37642229453062187,54.30721029106337,1.8122039331945176e-10,1.2984441181338717e-7
tbcela,64.57550046595394,0.5324905969303432,0.5102927625531418,26.317220787782986,7.744214602998501e-5,0.004072462211411689
zgc:162608,64.59989020223374,0.5947034575555906,0.6710069701434431,18.414268584965697,0.002469609652804913,0.04798577128772123
ckmb,385.37196733684624,0.08410578903305971,0.5761202628431712,18.961175655116904,0.001954405402599548,0.04119768270870058
si:ch211-162k9.6,30.7862567044183,1.0267476544292968,0.5253772416778658,24.08577984772053,2.0902511323654544e-4,0.008307196485241504
etv1,54.439624965868695,1.0104099934420352,0.5037477692343484,22.68222413425147,3.881998572765691e-4,0.013089185775937024
agfg1a,168.18116486954355,0.2568907869968309,0.42930754261149473,33.439756552084475,3.0776091707639233e-6,3.8476342862567926e-4
hsc70,27.22913082243852,0.7213206642240645,0.6335480551105415,20.44856146643008,0.0010292246238191886,0.026455226653504884
slc36a4,89.02609933565257,0.28520338656551636,0.3603521215328543,30.271999054009143,1.3037366023615526e-5,0.0011619933198040251
chordc1a,47.502116166455735,0.22289800855790393,0.49934303612073966,24.924687522084668,1.4407729579894217e-4,0.006396907267959741
gata5,144.31591372128338,0.4609394344795371,0.501881111371124,24.561380189640573,1.693014148843744e-4,0.00701092887034633
osbpl2b,217.06224700400992,0.061241028502065475,0.49347758160519267,30.497242496473632,1.1770676863437873e-5,0.0010882180609875143
si:rp71-79p20.2,75.7356414581646,0.8206657505727863,0.3888845920227817,19.126630672532926,0.0018204816789570099,0.03937736220294936
tnnc2,251.69551956644207,0.9200180651348797,0.4433244975733891,31.876260586496045,6.286039004389402e-6,7.065014818266678e-4
zgc:154075,40.116291234515046,0.026787859168597456,0.5325727719497332,19.083616240717774,0.001854405810463601,0.0400154546646031
her4.1,21.353756078136996,-0.27017650485717565,0.6974459466834332,18.596932485761272,0.0022842310791354446,0.04562094963625215
ctdsp2,251.81380032815574,-0.21901737618822908,0.2737765505693222,20.617209736675505,9.566343878479669e-4,0.02492467414156612
lmbr1l,116.34261055426053,0.5865689932635367,0.4611390915234248,39.20044774667423,2.1641157778808837e-7,5.698819976511121e-5
slc25a33,149.80753578419942,-0.253173944500382,0.6015725149223897,37.59288140701699,4.5547327983751735e-7,9.33070939027266e-5
nr4a1,15.6442465140549,-0.5665639307755634,0.631256887216081,27.16357072141838,5.300721027305115e-5,0.0033388717503860348
klf15,56.523992332157064,-0.8273195684554664,0.4004622845772681,26.72671450427083,6.447445648339632e-5,0.0036666134364587498
fbxo25,28.56933559242937,-0.16521663377746748,0.5003513840169428,23.48052946336699,2.7313556041816097e-4,0.010199433435289241
calcoco1a,62.393646611221286,-0.6212237069016913,0.37401745056533314,26.758067562104785,6.357529829092354e-5,0.0036666134364587498
ppp1r14c,37.114828461900096,-0.2553285918931507,0.4299128653572844,22.900012107181638,3.5275101579192576e-4,0.012329078186093407
cyp2aa12,28.8292182991907,-0.8994927454376669,0.6584772265697669,20.611372162685868,9.590606488504703e-4,0.024931227388711546
eno3,333.44362710820104,0.1402396567717875,0.2974991125619495,24.847365517740087,1.4911362272024875e-4,0.006524574697957755
st8sia7.1,35.7077219233854,0.6019474512142955,0.6695896062432578,20.689394509764426,9.271271898228184e-4,0.024321707332102496
ccn1,17.82152877699387,0.13568691903031396,0.6078910410516792,27.24897963515285,5.101399638933338e-5,0.00323107433484706
CABZ01088036.1,57.032395297432714,0.08730664912064569,0.34284843994779857,19.059117530129967,0.0018740038194657435,0.04013697023772362
klf4,59.83359678140165,0.6636854530951171,0.6104816972988822,26.48194381519852,7.194119692989796e-5,0.0038719900544805174
shroom3,289.60187375446105,0.24135250647849363,0.4661044014840695,20.258092140872947,0.0011177392673693005,0.028038868623898604
rpl35,540.4420515518617,-0.36122957120788746,0.3910596429497692,18.93853166284441,0.0019734707079732483,0.04143565603700608
fpgs,48.943471157202495,-0.1802614186233433,0.5287752726443732,19.022975843690645,0.0019032875764941031,0.04040609032764519
aqp7,21.587433763034483,0.03286822976111215,0.6100127494180548,25.367840393794737,1.1829680563146914e-4,0.005603944544459348
si:dkey-11o18.5,25.9142046706115,1.0769541178849547,0.6480276714121954,22.790250269722165,3.70197742493979e-4,0.012706427904044835
atp2a2b,182.53454685360657,-0.5783244872306244,0.4085822562287627,33.42610677598759,3.0968980882680734e-6,3.8476342862567926e-4
ghrb,84.29342056226805,-0.3033162508450563,0.5417587992661825,25.079544514949248,1.3449152061128977e-4,0.006094113803509193
c7b,22.714074515946965,-0.9434649047033402,0.7282330068985605,38.48611721878075,3.013110306487372e-7,7.196311781994007e-5
arhgap42a,129.8013610225453,0.12411699016309377,0.3730999909304292,18.226222526439585,0.002675847424924316,0.049831096835385356
bicdl2l,16.744675795667412,0.41905596059702765,0.8339915346934713,27.0274542840815,5.634451032145866e-5,0.0034460060667454713
rpl23a,369.5968948110086,-0.41681710599807376,0.4417107022126624,18.23858371601881,0.002661786969548311,0.049831096835385356
esrra,70.36993765451801,-0.37059884273442595,0.401290947707274,27.43343985437241,4.695918534785217e-5,0.0030074865968032246
actn3a,127.47465109457588,0.9409549086829334,0.5811834270538476,26.68656957311407,6.564417268791218e-5,0.0036889450769324768
pygma,17.920405409052606,0.7306340464409108,0.46922477547934,36.81835169707773,6.513226999481293e-7,1.2444605720342256e-4
CR749775.2,18.522745698779037,0.2735947397290792,0.5143458985873053,18.961534650502273,0.0019541046040203115,0.04119768270870058
slc7a3a,121.6024606844758,-0.4009157326408812,0.5329564347798466,30.91117300783671,9.753216447072311e-6,9.556484901644185e-4
si:dkey-22f5.9,36.19594012950147,2.0409654504043813,0.6954699667574892,92.90244277573497,1.6492921836583774e-18,3.15124759890994e-15
mapk9,51.736132037404445,-0.36695742633124967,0.3880789477945916,30.6848002307203,1.080975671892221e-5,0.0010362057082269535
gfpt2,180.90087417385686,-0.07332941327049308,0.3773293885634046,19.742587447854675,0.0013966139376998992,0.03299893909712813
pgk1,104.00309738980214,0.027121191460986696,0.42467686929013554,21.189466278548025,7.459333476011124e-4,0.021166781923017703
mpp1,270.6080726207907,0.12676387484203813,0.5386919555305815,26.703490255295435,6.514860701739011e-5,0.0036791311864401983
slc13a2,387.8411780990077,0.6798512618936702,0.6153131261621847,32.22837667584392,5.353539219600226e-6,6.252053954892577e-4
crebrf,71.68819439309736,-0.06089273614206679,0.3364375375716491,26.63511806108494,6.71741269374731e-5,0.0037202134841120365
p4ha2,87.10109892641678,-0.24203700828201039,0.7100968837557994,27.109041642970624,5.431995287755122e-5,0.003362447885415178
hspa4a,106.77416609728172,-0.954981433288066,0.6333836231553163,40.87825617182929,9.929399906617323e-8,3.07650379809354e-5
faxdc2,98.46871966904057,-0.021087057022587046,0.38487092769724135,33.530246427288034,2.9527216333389154e-6,3.8033708769210484e-4
cdab,38.54198890327839,-1.3719029513390515,0.5880233233182167,22.247831172390974,4.6973480142953447e-4,0.014875800451901058
FAM107A.1,80.00814371391697,0.3272480944728642,0.33775832260644406,18.286655331231998,0.0026077921860372835,0.04917679476424965
tmem38a,34.97842525153773,0.6779454741186367,0.5647139128876822,19.175796814787716,0.0017824519024423468,0.03872575677770378
myom2a,67.58135727088077,0.8209335197330653,0.5203045515068561,22.36102843357915,4.4698860694465805e-4,0.014353718179309692
CR848705.2,52.803096074259265,0.8045397543144954,0.7204169233648419,30.426493247784634,1.2154784669169148e-5,0.001114739611578841
rpn2,353.15836040295,-0.5326895832661649,0.36417556493300024,22.871753209504135,3.5716358914988173e-4,0.01240764662428559
rap1ab,70.61464048359255,0.13971390867082767,0.38386223479081294,19.75167670935447,0.001391149588170936,0.03295070016279258
tmcc1b,140.08661065415666,0.13908042222027125,0.3817249860749188,41.938252376733544,6.062332110948733e-8,2.2418895264489124e-5
C11H3orf14,34.037709109855534,-0.38157770112477535,0.479033382185803,19.659464716304385,0.00144757522712866,0.033936610232725886
golt1a,21.588129860845406,0.2094690286633345,0.5493131564350046,27.893081119793692,3.819293004177372e-5,0.002560489766075403
chia.1,175.37419481057353,-0.13262789647281428,0.5906664309759792,22.844582656004093,3.6145760662732035e-4,0.012443693700827629
trib3,25.265262055845827,-1.5409719459164988,0.5426373905442677,23.061452814414565,3.28555616009269e-4,0.011751944528683249
top1l,109.15358111105394,-0.17248461922741062,0.4075069867066882,25.945987272927113,9.141426598424537e-5,0.0046166217852131675
si:dkey-13a21.4,16.513833746594536,-0.5492565059037484,0.5665416661732591,18.311672086397067,0.0025801192225417767,0.04917679476424965
map1lc3a,28.66485324241014,-0.7020475686178166,0.4936764876613621,18.78971797345838,0.002103386872593184,0.043213668651269285
rpl22,425.5626948877422,-0.5978823380606423,0.4147153962651201,18.307552331254385,0.0025846565195959503,0.04917679476424965
ier2b,25.419020626296575,-1.2235507295993038,0.7333467978324568,18.650655539151884,0.0022323564248022663,0.04497668550779118
man2b1,68.04219005785475,0.36698109858703165,0.4917508067571409,22.62664602674417,3.9779573494009717e-4,0.013256774143468819
tdo2b,140.50349623158883,-0.22370449931226885,0.617028737899028,28.224218598506695,3.290323426006699e-5,0.002286076833681261
itih3b,36.8886554119095,-1.323181225299789,0.6047126338300699,25.776691565860233,9.858878729976883e-5,0.004871645937950646
si:dkeyp-61b2.1,31.659490849844286,-0.20976032861655855,0.6373481685236546,20.197479113956064,0.0011474478046751065,0.028534363628623473
abhd6a,73.47531350954087,0.44280589361433426,0.6127636268084936,20.325823941074248,0.0010854365223452083,0.027468971947385137
arf4a.1,52.10585232424662,0.4141666857127428,0.44022746442636396,29.01612518693048,2.3019298312533615e-5,0.0017830624044249009
ets2,42.627802863072205,-0.014130821117129856,0.6680779412608415,27.640443008381467,4.278837120929921e-5,0.002787078906496626
pitpnb,86.56471309104363,-0.2964154747541264,0.3950269990410515,18.854287043653613,0.0020460176218020524,0.04233853071541287
sec31a,104.56607592769916,0.020048552281105046,0.3948893849299644,23.629103386965028,2.5579502299837514e-4,0.00967800047410354
hmgcs1,73.90880959653067,0.1792157560117432,0.5907643497933972,25.782294288895486,9.83426633542175e-5,0.004871645937950646
slc38a9,43.723644788344245,0.2361266718655643,0.4572919184658507,21.62936345802308,6.157104314833399e-4,0.018145255492352207
mat2aa,150.6067509428993,-0.16336012084660012,0.585987610305533,19.52537791355749,0.0015336595054633445,0.035447323731112465
pptc7b,47.85953466752571,-0.17232055826070627,0.46395658001921947,20.846204846012327,8.660809809994936e-4,0.023331246864316254
itga1,104.01841445433728,0.41205780371320877,0.3289166926863338,24.207808023438048,1.980305132257368e-4,0.007993738745140306
plac8.1,104.31122669789285,-0.7403215198582447,0.5493690311849887,24.593516148757402,1.669044384977722e-4,0.00701092887034633
zfand5b,76.05806382075932,-0.3813533675863308,0.41844670102600934,18.776816092646044,0.0021150379058615686,0.04337530331448483
slc27a6,23.29694152124384,-1.2664324298790592,0.5521953889189269,26.42025537835852,7.395440313088217e-5,0.003913633710324507
slc20a1b,107.80209069633607,-0.7112691208522524,0.45971727750666236,20.962174072597918,8.234977803540151e-4,0.022485296007573524
smpd1,20.330506108052283,-0.29158962684007494,0.6018462172083153,21.82286311149153,5.657874883325485e-4,0.017068915174327202
hyou1,123.53064822612602,-0.44627308443083974,0.4977989772383397,33.95773946531352,2.427576561726487e-6,3.3938704516624934e-4
zpr1,30.075307282149222,-1.1320842994721736,0.556662099001642,26.59873350526894,6.827732984247871e-5,0.0037562478367887415
robo4,66.1285466814064,0.3610843104578113,0.6603556011879389,19.621364686161485,0.0014715405265280103,0.034357923821012444
myl10,97.22622080327086,0.2748034843560513,0.5621323553552149,18.68115642260298,0.0022034211408073624,0.04470348409788665
si:dkey-259j3.5,18.030710342804664,-0.6907402557060752,1.0196438954094595,23.636696075139156,2.5493869308035083e-4,0.009677540322758749
hmgb1a,98.28045471054357,-1.9363139110573164,0.5262983038106227,21.884335038027558,5.507797981031632e-4,0.016748380916325366
rab6a,89.06199340984897,0.24374650626849945,0.3665899982757066,20.485759787330537,0.001012761374546872,0.02609055370293335
mmp30,18.061017251375883,-0.41205144060991017,0.6997133609676135,29.513964817314886,1.8379776986422008e-5,0.0014734668767296638
cry5,29.163696588489337,-2.963405665608566,0.7301388803301471,30.677321763817517,1.0846535675788069e-5,0.0010362057082269535
tcf7l1a,324.1630452856552,0.503202714273,0.28219923687126447,31.398428762646546,7.81445505190291e-6,8.294899325464348e-4
wdr45,18.379780029447154,-0.7547049288915794,0.5374623835979765,19.30462358007668,0.0016864669076234718,0.03754108083300093
arrdc3b,39.29896979096738,-0.46009235573692725,0.5407298153698157,20.3689655899108,0.0010653421645348369,0.02715049976034897
scarb1,80.56178401650527,-1.5073730958231994,0.5614342845748507,21.121413352178536,7.683689877984338e-4,0.021696014965815878
sec14l7,29.073774052101115,-0.2483607550303373,0.4854753797987073,29.47723428505816,1.868778973731405e-5,0.001487755705198391
ogdhb,138.8199322409516,-0.5196896479588197,0.5323353754066705,19.597589753372375,0.0014866923552521907,0.03464114057034779
rreb1a,157.29301646893705,0.16618319302214873,0.40068389380578445,21.710833086710437,5.941828261628724e-4,0.017785148613919503
cyb5a,83.59821150569455,0.22211893726205859,0.5118994142836035,24.56155373895416,1.6928837906363952e-4,0.00701092887034633
klf6a,154.17419762835937,-0.040485019669011066,0.47286714455149875,21.015685480610244,8.045507226003541e-4,0.022313331334559393
elovl2,57.781442284916615,0.39297208663437627,0.8981006498234245,27.09942769772175,5.455471970404947e-5,0.003362447885415178
cdv3,118.95082905934949,-0.8658522188929852,0.40857629996924516,18.318154159479775,0.002572995986999391,0.04917679476424965
vps41,78.06844206675981,0.3042330890844193,0.32156967941837594,21.58345048679307,6.281794803369992e-4,0.018418029571824448
pck2,268.18178064315754,0.41564696693903885,0.6229576994453615,27.02085056594578,5.651161379519789e-5,0.0034460060667454713
tram1,166.18006144093334,-0.6238931284533938,0.4307488342532257,27.968307415837813,3.692168846662294e-5,0.002490568039632266
mllt10,305.4542393725165,0.10619502714084168,0.24182335036808436,19.588436624260225,0.0014925664609357274,0.034707468373564254
pdia4,62.5614541515866,0.07828902905687954,0.6339901938592488,21.587281843566416,6.271295079514045e-4,0.018418029571824448
cry-dash,22.462416187820327,-1.9894991064947913,0.6198859611699293,29.892520771133974,1.5484654891027695e-5,0.0013052653211083935
cdk8,38.359321828488056,0.058965735050903224,0.5451099564775406,19.274181692677033,0.0017086795852618397,0.037815256303941565
rpl21,642.5331757466013,-0.37366917971688957,0.3639739816950652,20.55502874459424,9.8279221743735e-4,0.02543279905350289
vav3a,158.8307735090141,-0.6557179080467733,0.7183117037721705,29.090279922830547,2.226086784113176e-5,0.0017360448226580577
atg9b,103.8154755844413,-0.07908394873922604,0.315461824328468,23.811393871278852,2.3599989935335627e-4,0.009066988993626577
rb1cc1,78.24316882016147,-0.4698121641367847,0.29702106008078466,21.728297428899722,5.896655663245351e-4,0.01769614149828395
myhz1.1.1,194.36672995450704,9.607000924771026e-4,0.37345895473831964,33.676952738737526,2.760869067209138e-6,3.6380003432742025e-4
btg2,39.463057683999736,-0.5119593437292118,0.7970327835753374,30.289790459723974,1.2932571030577869e-5,0.0011619933198040251
rpl36,476.24246760729125,-0.6351086667959888,0.45718086480473635,18.45219301642547,0.0024299463096662845,0.04753737968261824
si:zfos-943e10.1,153.43944821727095,0.012601980708090824,0.4223915035625779,22.33545649303815,4.5203011597723505e-4,0.01447506494291347
cers1,118.96128731866132,0.4427656400690928,0.5074891714327067,33.99537075399121,2.386062329544316e-6,3.377014635295807e-4
lpl,115.52473930919135,-1.0996789173258408,0.450304275087345,28.02989218010339,3.591228574004206e-5,0.0024505859745466794
midn,228.04081745243946,-0.14712292600352292,0.49565555502451264,22.258233948074718,4.675976387222731e-4,0.014849139419147199
hsd11b1la,26.527750488226857,0.28411534771409086,0.6712347747342653,24.376088039248103,1.8380124746505643e-4,0.0074985676190014484
creb3l3a,100.32761772028957,1.2489415528183905,0.6906249026511745,26.161522115748028,8.302404294204385e-5,0.004249051911998173
shc2,39.52027441400148,0.10459294402744036,0.5195379327797417,19.72441339653065,0.0014076033036464829,0.033135039574955394
p3h2,56.282824742335634,0.5113683169051034,0.3345911601141365,18.458174922367817,0.002423747421664901,0.047532648017680694
rrbp1b,88.69448106557984,-0.7579072105153687,0.3580313289808156,26.452322907103024,7.290100774548611e-5,0.003905313798103985
dusp5,33.33328231535802,-0.9251825850825469,0.5811693938506404,21.849208207560835,5.593068663430363e-4,0.01696268231681632
manf,34.16616674872036,-0.42263541322573395,0.6131045891149524,25.73860634753966,1.0027808911715504e-4,0.00493357109415913
pfn2,223.28036043570546,0.24402026995613701,0.3058924883812966,22.500520496766427,4.204493397283561e-4,0.013732282708392806
ncl,126.56958922091648,-0.8289418136259933,0.3931347637942246,18.94473861183849,0.001968226625669173,0.04140137621407597
pparab,62.4474492834867,-0.2277106362740386,0.37101692902460215,19.04284744355425,0.0018871314784787672,0.040137430926309066
hbp1,157.74768934549803,-0.5660650007334261,0.37969112651227743,45.06420055236873,1.407920486560914e-8,6.456160183173727e-6
fads2,68.22775062165614,0.6008536462140567,0.8809082601846104,32.9749164091715,3.806840372918151e-6,4.6427253228865624e-4
pnpla2,52.102318321844606,-1.1625963015094682,0.6929053994632027,29.705190532088693,1.6855802176947067e-5,0.0013968407577793238
nuak1b,42.084316510600615,-0.14268125509221857,0.577811020854181,37.102017722237065,5.713943436852491e-7,1.1293904751737407e-4
crabp1a,26.400122137244324,0.4001556646243747,0.571401374877211,22.75200800510791,3.764743693136381e-4,0.01284494693396294
agbl1,65.79632833551489,0.6890052973302712,0.5193175467530192,21.79281306778404,5.732699405984025e-4,0.01724925616540705
sept15,68.47169738782897,0.6759035830225828,0.339794520972339,26.7601214017958,6.351683288749425e-5,0.0036666134364587498
fa2h,563.1801899756274,0.10672904360833427,0.3684684374283298,21.310634153363736,7.07573703122073e-4,0.0202840055512996
wt1a,33.759233541768964,0.7145171360130663,0.4397732640197482,20.68161992916339,9.302616619973129e-4,0.02434821847748218
cyb5r2,44.71177479628848,0.7695697466782744,0.7014614440780159,51.92050635464162,5.601140159627963e-10,3.567303932776387e-7
cyp2x8,21.232433484170414,-1.7646987846246698,0.7505621819540117,22.083787004425233,5.047390071731166e-4,0.01568110563206669
arntl1a,29.237047220153453,0.42957496827698144,0.5637006555878018,24.7025416551689,1.5901983800294825e-4,0.006751864529132588
cpa1,88.12425646471412,-1.7634035995413408,0.7528467377102527,25.72913366907943,1.0070268981448328e-4,0.00493357109415913
ckmt1,100.26577677978764,0.9155027976979914,0.457060033013856,66.90881783538825,4.5009244277151667e-13,6.449824704915834e-10
dusp8a,270.21035528432697,0.4046972162760338,0.5062343618586732,44.09226019865116,2.2184546358856894e-8,9.082987123497694e-6
acsbg1,46.83511983872509,-0.04575270081102036,0.5255067961418943,32.487836994695286,4.755665156736347e-6,5.679056808002655e-4
slc13a1,15.714381087760508,1.355328665971402,0.7342817705618592,19.508954840603906,0.001544543051143375,0.035532726675352636
pkmb,52.74859481552669,0.8361397559257672,0.5804433320871905,25.227196978421432,1.2594057185837156e-4,0.005798324159776592
ugt5a2,44.45493171417897,0.2678573926738922,0.5992745969301221,24.073722812739035,2.1014366545010782e-4,0.008307196485241504
hsd17b12a,115.50555094850297,0.02205402440263912,0.5493558407355247,25.26240951922091,1.2398213719038714e-4,0.005754377411945742
ces2b,16.717229412017236,-0.8074521375906835,1.35964411241648,19.869669236694804,0.0013220932463626797,0.0318413381855079
ces2b.1,198.13780091322585,0.12504539915716492,0.7074681012077023,38.990536600114666,2.38527507495177e-7,5.944520317227628e-5
kras,73.9570802642773,-0.2801846403968962,0.3564089853841129,24.560038304126806,1.694022415462259e-4,0.00701092887034633
tnni2a.1,31.823677163216942,0.4233704080315541,0.636752880251629,22.434766067309894,4.3275989969285386e-4,0.014054276175860839
tnni2a.4,609.4986585876029,0.673606264919941,0.6039645517303596,19.183129973012257,0.001776847011645807,0.03872575677770378
tnnt3a,41.53024919429143,0.16180232482636736,0.5895112770479783,19.251841125428868,0.001725163527078184,0.03810650226285993
acot19,84.87628480320643,0.6886121824604835,0.6451444739974002,20.824891047661424,8.741398998063497e-4,0.023413878063971945
CABZ01080568.1,71.78925689320086,-1.1593968234025709,0.8284712799593333,33.86857894317464,2.5288264442412024e-6,3.4928272719013425e-4
evplb,49.19004090351042,0.42706354023874527,0.43761602080992323,27.28233197424612,5.025597572483389e-5,0.0032007472539416428
CABZ01029938.1,45.02892028364392,0.3752040314865749,0.6041130006609723,19.05992674301325,0.0018733532450694332,0.04013697023772362
dusp27,34.999710372761406,0.06046613240247509,0.6860663403279287,20.70697621197091,9.200770894873085e-4,0.02419447698274079
