si:ch73-1m18.2,-0.943000235,-1.666921202,-2.321434468,-4.14731502,0.281262586,0.034635185,3.18E-04,9.17E-10
bnip4,-1.11869417,-0.122302934,-1.268228065,-0.44878047,0.048262757,1,0.019084392,1
kita,-1.031347512,-0.249427357,-1.424363469,-0.115273027,0.048025951,1,0.010133371,1
tmem86a,-1.197287179,-0.221935359,-1.386252866,-0.302917159,0.046623852,1,0.016937931,1
zranb1b,-1.172265759,-0.351057023,-1.446815561,-0.202033163,0.045792904,1,0.007544033,1
irf1b,-1.186195605,-0.558750978,-1.620759359,0.336432928,0.044942789,1,0.00201198,1
zgc:65997,-1.177647304,-0.339436896,-1.366408659,-0.636951382,0.044150477,1,0.016991941,0.801729824
slc25a48,-1.142167963,-0.03459719,-2.294448923,-0.462364265,0.044078713,1,3.46E-07,1
irs4a,-1.240422975,-0.323024241,-1.53593527,0.185278143,0.039611658,1,0.008658655,1
tmem110l,-1.116929363,-0.498826553,-1.327279313,0.459902001,0.038988637,1,0.016051307,1
si:ch211-153l6.6,-3.754311902,-1.068616278,-3.829625343,-2.292820185,0.038304205,1,0.030523342,0.28009451
fbxl2,-1.215108984,-0.045956631,-1.376794895,-0.241886587,0.03697181,1,0.014780533,1
heca,-1.28710498,-0.192332338,-1.23179701,-0.195317607,0.036281418,1,0.02850479,1
ccl19b,-1.208541264,-0.384316927,-1.696839519,-0.339669235,0.034426693,1,6.50E-04,1
vezf1b,-1.318976581,-0.34137992,-1.495359457,-0.098588288,0.034131819,1,0.028621937,1
ulk1b,-1.070662488,-0.13391685,-1.107932546,-0.121769246,0.033843823,1,0.035429225,1
fam149b1,-1.227103319,-0.433665735,-1.201859768,-0.172526392,0.033679197,1,0.04565066,1
mospd1,-1.21851508,-0.329437149,-1.310366903,-0.203380084,0.033332664,1,0.021479673,1
si:dkey-195o9.2,-1.272839798,-0.421803688,-1.471621905,-0.325060416,0.03204703,1,0.012562963,1
rbp7a,-1.267140909,0.261810955,-1.354940882,-0.211851993,0.031295694,1,0.031832157,1
bbc3,-1.233817954,-0.340761495,-2.823473297,0.322125518,0.030068763,1,1.84E-09,1
unkl,-1.223647243,-0.230141017,-1.264495516,-0.441680672,0.028858001,1,0.014920255,0.967548978
micu3b,-1.312223348,-0.9483017,-1.295142658,-0.448444146,0.027330534,0.797795933,0.047974101,1
nupr1a,-1.23862663,-0.485649672,-1.231679911,-0.343195107,0.027095777,1,0.021131274,1
znf414,-1.035165477,0.027955327,-1.308176569,-0.144501437,0.02559773,1,0.001778489,1
zgc:193812,-1.265777158,-0.005320161,-1.669922783,0.038618637,0.025248512,1,0.031572934,1
tg,-1.659558641,-0.563631041,-0.652885806,-2.6076634,0.024992631,1,0.581391268,9.41E-07
zgc:194659,-1.292233419,0.059013371,-1.78768138,-0.606671589,0.023915883,1,5.14E-04,0.865362413
ubald2,-1.264702461,0.06200346,-1.89229147,-0.209131243,0.023248459,1,1.06E-04,1
rfng,-1.326718404,-0.003739135,-1.367280307,-0.086119908,0.022234647,1,0.021449757,1
si:ch211-241b2.5,-1.45532199,-0.003705038,-1.771420185,0.395519914,0.021621413,1,0.039391929,1
borcs5,-1.470944756,-0.020777085,-1.758573152,0.261832932,0.021096054,1,0.006143237,1
si:dkey-23c22.2;zgc:110299,-1.613486318,-0.383748393,-1.668689563,0.058652946,0.020073502,1,0.025507683,1
si:ch211-215f22.3,-1.290465072,-0.244393121,-1.601549831,-0.252222169,0.019335904,1,0.002007245,1
ENSDART00000130602,-1.351940759,-1.160955791,-1.691409297,-5.479719645,0.018776921,0.356391935,0.005281905,4.57E-18
mxh,-1.834612036,-0.983567945,-1.601428031,-1.238256523,0.018475939,0.987231224,0.044633474,0.31431796
tnk1,-1.27608525,-0.060398292,-1.542403569,0.086199309,0.018267968,1,5.15E-04,1
si:dkey-286f11.2,-1.3940344,-0.68732081,-1.890023538,-0.354397809,0.017719283,1,0.003056789,1
kdm4aa,-1.315726066,-0.291578848,-1.608808977,-0.236915763,0.015501612,1,0.001714875,1
ssx2ipb,-1.489753586,-0.285980335,-1.145693527,-1.73215397,0.015167771,1,0.138267292,0.017455747
fbxl20,-1.141138553,-0.128542573,-1.208622583,0.130293078,0.01498293,1,0.011336589,1
si:ch1073-110a20.7,-1.355842819,-0.133427549,-1.597441813,-0.407297333,0.014492231,1,0.00246035,1
si:ch211-157b11.12,-1.260102464,0.005906702,-1.942060871,0.402969345,0.013508808,1,3.84E-04,1
si:ch211-135n15.2,-1.913716911,-0.030142778,-1.940507946,-0.405330851,0.013154863,1,0.009579425,1
znf1124,-1.379198636,-0.323921557,-1.299350433,-0.030968721,0.012531852,1,0.03011313,1
si:ch1073-185p12.2,-1.276649998,-0.008258534,-1.662706021,-0.053803204,0.011687059,1,0.00489871,1
wu:fd46c06,-1.487856167,-1.46777619,1.156564147,-1.620401215,0.011407407,0.106295972,0.101912844,0.012904094
plekhg7,-1.178857922,-0.364807703,-1.474783256,0.283264747,0.010395789,1,0.02588253,1
nuak2,-1.409739936,-0.328917613,-1.629345574,-0.03494161,0.009720983,1,0.002909924,1
gpr137c,-1.432561795,-0.463549406,-1.473293724,-0.167901286,0.009509346,1,0.010621408,1
lzts2b,-1.424436732,-0.142989935,-1.268455508,0.256369713,0.009384218,1,0.040462771,1
SERINC3,-2.069411237,-0.60076528,-1.966787006,-1.337999829,0.008536718,1,0.020346379,0.158295468
rin2a,-1.212484156,-0.283185112,-1.65062251,0.065029127,0.007691495,1,0.002735112,1
asap3,-1.287817358,0.209647206,-1.800006108,0.293988929,0.007281965,1,9.77E-05,0.847605847
mfap4.5,-1.432225402,-0.221034778,-1.747522889,-0.499895064,0.00686105,1,5.35E-04,1
alms1,-1.474652995,-0.291263372,-1.365659265,-0.244057555,0.006617718,1,0.016540349,1
zgc:174906,-1.4622874,-0.219193085,-1.261280343,-0.268506053,0.006487128,1,0.042662663,1
pcmtd1,-1.449838135,-0.36114119,-1.29534766,-0.196197928,0.005966782,1,0.02440777,1
nfkb2,-1.28798202,-0.094620033,-1.428045236,-0.124352741,0.005498699,1,0.001517709,1
si:ch211-212k18.15,-1.660612521,0.072826377,-3.295309378,0.088206532,0.00536019,1,5.59E-09,1
fbxl3a,-1.217509683,-0.30029735,-1.453493157,0.492477533,0.004972557,1,0.005504344,0.860529667
si:ch211-141h20.6,-1.463808758,-0.69688715,-2.542268736,-0.235722499,0.004424982,1,2.09E-07,1
fam217b,-1.575823948,-0.092680156,-1.499777891,0.377472448,0.003636755,1,0.017961547,1
si:ch211-165i18.2,-2.733498788,-0.149906844,-5.062179178,-1.942834929,0.00350933,1,0.031832157,0.488179343
znrf2a,-1.486255085,-0.491471841,-1.734027033,0.736702113,0.003473445,1,4.31E-04,0.561190028
snx20,-1.226861491,-0.406009161,-1.211283452,-0.084364631,0.003447454,1,0.010556756,1
zgc:113100;zgc:173573,-1.400853704,-0.309538675,-1.497036108,-0.128295549,0.003262587,1,0.005859763,1
rorca,-1.504104964,-0.288535064,-1.168067332,1.123009761,0.00286261,1,0.043866282,0.111765713
ENSDART00000128672,-1.517984302,0.269071996,-2.058798754,1.186235499,0.002727657,1,1.72E-05,0.0798591
ENSDART00000144343,-1.95416483,-0.508235005,-1.752527586,-0.025405132,0.002196129,1,0.022900429,1
si:dkey-187j14.4,-2.146051629,-0.498177015,-2.357404355,0.300899251,0.001549027,1,0.008409411,1
cd83,-1.600943583,-0.644510394,-1.319847962,0.107109477,0.001536439,1,0.012934441,1
lect2.3,-1.710698635,-0.927847664,-1.604869409,-0.322991879,0.001523595,0.777120784,0.007443049,1
si:dkey-240n22.2,-1.592224624,0.084938244,-1.574850601,-0.407309466,0.001294584,1,0.002333558,1
traf4b,-1.6848379,-0.020590008,-1.400505829,0.832222953,8.90E-04,1,0.015645755,0.464424812
arhgap27l,-1.654583483,-0.150022334,-1.526728291,0.491935536,7.95E-04,1,0.003404852,1
nr0b2a,-1.651338217,-0.351231486,-3.204503502,-0.663805158,7.58E-04,1,3.93E-13,0.738236257
paqr5a,-1.857208348,-0.509133425,-2.584136153,0.27931912,7.48E-04,1,4.41E-05,1
cited4b,-1.585722189,-0.391076693,-1.187813694,0.08850882,7.19E-04,1,0.034803595,1
filip1a,-1.848538869,-0.783070653,-2.40171469,0.09538003,6.96E-04,1,5.05E-05,1
gfi1aa,-1.765913929,-0.515740466,-1.691191078,-0.109454362,6.70E-04,1,0.003192799,1
eif4e3,-1.693601068,-0.480832568,-1.472320337,0.386247969,5.73E-04,1,0.007474892,1
si:dkeyp-72g9.4,-1.701108511,-0.34069655,-2.286751501,-0.206272575,4.55E-04,1,4.83E-07,1
pdpk1a,-1.695847766,-0.0698692,-2.936070219,-0.412201188,4.35E-04,1,1.42E-11,1
znf395a,-1.643481315,-0.094625044,-1.587662458,-0.295333143,4.18E-04,1,0.001169242,1
mutyh,-1.916923173,-0.433599844,-1.453366837,-0.37630546,2.02E-04,1,0.027003036,1
aqp7,-1.782042264,-0.131216328,-2.886192417,-0.451322975,1.98E-04,1,7.71E-11,1
ENSDART00000108949,-1.884417535,-0.073312852,-2.116864505,-0.50568365,1.79E-04,1,3.76E-05,1
mxd3,-2.230541773,-0.866753017,-2.320507152,1.002331026,1.63E-04,1,0.015567763,0.559006733
cuedc2,-2.053962282,-0.661582124,-2.136058134,0.537054126,1.32E-04,1,0.003138929,0.949486359
plekhs1.4,-3.823368202,-0.15898634,-3.199341636,-0.915358444,1.08E-04,1,1.77E-05,0.584700549
nr1d4a,-2.115897466,-1.466182089,-1.501850169,-2.45179221,9.52E-05,0.075276856,0.025837047,6.02E-05
igfbp1b,-1.842214326,-0.545991814,-1.707567954,0.005036507,9.52E-05,1,5.52E-04,1
cyp24a1,-1.848847916,-0.533173223,-3.030451294,-0.427773307,8.85E-05,1,6.85E-12,1
snx10a,-1.980307161,-0.637928708,-1.927578234,0.145714065,3.31E-05,1,8.42E-05,1
ENSDART00000097365,-6.493933646,-1.044526661,-3.217939894,-0.911548059,1.85E-05,1,0.015853117,1
plch2b,-2.639990691,-0.784240442,-2.175150135,-0.997117076,1.14E-05,1,0.002713759,0.534301826
gtse1,-2.409960449,-0.726110111,-1.557393384,0.340375924,8.40E-06,1,0.02454231,1
ppp1r27,-2.396187172,0.146915591,-2.366680413,-1.51584453,5.67E-06,1,3.91E-06,0.021171299
nox1,-2.347049372,-0.26561636,-1.250145077,0.991041066,7.96E-07,1,5.09E-04,0.299065422
il1b,-2.366193252,-0.412372946,-1.188056081,-1.472905431,5.14E-07,1,0.108599975,0.036797158
elf3,-2.305002667,-0.528951008,-1.351307361,0.566427586,2.15E-07,1,0.013088791,0.792960263
rnf183,-2.391434225,-0.538989913,-1.554421812,0.551213146,1.19E-07,1,0.004011323,0.851225827
plekhs1.3,-3.066247041,-0.285591033,-1.862813199,0.72714037,6.39E-09,1,0.03358268,0.515677901
ENSDART00000054353,-2.712675681,-0.48344809,-1.569833097,-0.229737014,1.77E-09,1,0.006882322,1
ccl34b.8,-7.477391528,-0.153225341,-2.950570127,-2.017868571,8.96E-10,1,0.005050416,0.06383184
crtac1a,-2.736359282,-0.391348108,-1.466796956,-0.106836206,5.44E-10,1,0.03204462,1
cart3,-2.845925756,0.189107847,-2.013342562,1.415324778,1.45E-10,1,0.005441933,0.029286419
ypel3,-2.807139891,-0.439115712,-3.490580577,0.70458009,1.05E-10,1,1.18E-15,0.586077022
plekhs1,-3.200783369,-1.325455183,-1.822725759,2.005708795,8.43E-11,0.141262702,0.033746382,4.18E-04
nfil3-2,-2.917433892,-0.845629741,-1.933773969,0.636744494,5.73E-11,0.966956196,0.001290353,0.894440765
plekhs1.1,-3.247311403,-1.16442235,-1.975921174,1.813584198,1.49E-11,0.339312643,0.006128079,0.001535066
ENSDART00000078611,-7.891514785,-0.177418637,-5.554173022,-4.166377961,4.04E-12,1,0.007147181,0.008989053
noxo1b,-3.818716723,-0.192048043,-3.729253979,1.304979113,6.41E-18,1,1.96E-15,0.037514222