gene,log2FC_EW1H,log2FC_EW4H,log2FC_EY1H,log2FC_EY4H,padj_EW1H,padj_EW4H,padj_EY1H,padj_EY4H
zgc:110425,-0.349475431,3.008647979,3.036485193,2.019344981,1,8.50E-06,3.59E-04,0.16806065
sh3tc2,2.271538835,4.772458967,3.839571249,3.93241709,0.696669459,3.87E-05,0.014920255,0.060475955
si:dkey-7f3.14,0.604804477,1.895634999,1.638909405,2.148912684,0.676409698,4.56E-04,0.00757853,9.03E-05
clec19a,0.741359652,3.292633747,-1.19904765,2.222369093,0.517329702,1.07E-12,0.272396248,9.78E-05
zgc:114046,-0.707926751,1.529960535,1.792008359,0.945088861,0.329468715,0.033239692,0.001698408,0.434541579
si:dkeyp-9d4.2,1.500296981,0.37332453,2.015049819,1.123662588,0.049750137,1,0.016636516,0.576627402
tcimb,1.369477275,0.757939513,1.721653854,0.15641278,0.049140373,1,0.015760216,1
socs5b,1.305675998,0.719740336,1.284603909,-0.120354824,0.048043074,1,0.043866282,1
mttp,1.114906505,0.577054901,1.153909264,0.844517446,0.047840111,1,0.045482804,0.233855406
tmem70,1.214334985,0.71436682,1.441698141,0.406356239,0.046771385,1,0.010556756,1
prmt1,1.137501546,0.447250352,1.479379049,0.111775916,0.046601859,1,0.004863907,1
ENSDART00000132819,1.174877377,0.436695918,1.357028266,-0.005735589,0.046392564,1,0.015961261,1
rab11al,1.193909985,0.741529951,1.494084716,0.752045807,0.045369012,1,0.005425764,0.583250276
si:dkeyp-52c3.5,1.157892984,0.949535109,1.345001449,1.141272295,0.042376509,1,0.001778489,0.256539749
prelid3b,1.178852175,0.547529737,1.399001276,0.225373522,0.040783285,1,0.009338835,1
dsg2.1,1.266984416,-0.201683547,1.789090853,-0.159715697,0.04067143,1,0.001136045,1
nup153,1.137872424,0.394089405,1.138890388,0.175022739,0.039991186,1,0.037121898,1
manf,1.198699598,0.802283864,1.645286387,0.340648952,0.038242108,1,0.001136045,1
fosl1a,1.122937213,0.295832901,1.194052136,0.799189012,0.03697181,1,0.037389266,0.336897887
ENSDART00000126072,1.207955492,-5.79E-04,1.463145171,-0.345623541,0.0360868,1,0.00613366,1
slc23a2,1.256690844,-0.016980411,1.5446778,0.37414904,0.034005237,1,0.006918556,1
slmo2,1.209002096,0.533710378,1.477200068,0.268753027,0.033222949,1,0.004968199,1
ugt5a4,1.331748756,0.514527784,2.185657827,0.779892682,0.031295694,1,4.74E-05,0.741495333
rpusd2,1.308498755,0.224181139,1.531717041,0.1981194,0.030370629,1,0.007304221,1
sgk2b,1.254703863,0.173649001,1.635189384,0.095224945,0.028679912,1,8.03E-04,1
hspa4a,1.21928477,1.350469632,1.16533667,0.190477744,0.028547457,0.060936281,0.040555625,1
g3bp1,1.190374031,0.579186905,1.744342274,0.192192838,0.028134678,1,2.37E-04,1
alkbh8,1.289026957,0.724244452,1.323884964,-0.036663704,0.027595752,1,0.025612784,1
mlec,1.248124493,0.804778824,1.165713352,0.044589268,0.026922376,0.958511324,0.028865742,1
zgc:136870,1.267030351,0.578350971,1.354349515,-0.035458537,0.025227582,1,0.013691427,1
dph3,1.446085101,0.463317945,2.1165814,0.153063002,0.02520612,1,1.04E-04,1
dolk,1.319997413,0.25137162,1.469218054,0.2898879,0.023091258,1,0.007968768,1
higd1a,1.242558277,0.500301623,2.106585683,-0.297747102,0.022234647,1,4.09E-06,1
bzw1b,1.269564899,0.790776455,1.291930131,-0.115712465,0.021118453,1,0.020509963,1
chst13,1.346093381,0.388817184,1.382081949,0.251928929,0.021037538,1,0.020509581,1
mnx2a,1.366032373,-0.540892624,1.244953578,-1.077862244,0.019466458,1,0.043562916,0.199002987
si:dkey-58f10.12,1.392982818,0.846212862,1.249311365,-0.244923777,0.019427493,1,0.046289447,1
zgc:66484,1.264166628,0.229962373,1.278476559,-0.078730683,0.019087029,1,0.016825366,1
ENSDART00000147120,1.291348651,0.758259734,1.326949305,-0.108074565,0.018126105,1,0.016051307,1
otulina,1.285473632,0.430083448,1.331929021,-0.109579147,0.018046142,1,0.020757003,1
srm,1.310271464,0.609700328,1.180779694,0.40607404,0.017400376,1,0.04798905,1
slc25a25a,1.244576113,0.46928607,1.631547191,0.603997424,0.016007627,1,3.65E-04,0.759980039
selenoi,1.349700345,0.328850283,1.596195068,0.299710747,0.015982531,1,0.003051802,1
helz2a,1.306904744,1.971653778,-1.272143446,2.21747925,0.01583579,1.65E-04,7.12E-04,9.10E-06
sult1st1,1.321799552,0.483793177,1.171745143,-0.383234727,0.015501612,1,0.049663742,1
nanp,1.381592814,0.509295093,1.721578496,0.660696159,0.015359796,1,9.58E-04,0.8019602
helz2,1.327602124,1.835143956,-1.750228801,1.775131118,0.014971604,4.10E-04,8.65E-04,6.82E-04
ENSDART00000108851,1.324071563,-0.126351923,1.578527636,-0.209774519,0.014377929,1,0.002099023,1
pomgnt2,1.412123376,0.419427217,1.959163163,0.392286477,0.013984748,1,6.00E-05,1
slc22a7b.3,1.361450465,0.341768008,1.475291007,1.030552784,0.012746277,1,0.008339702,0.230327234
slc47a1,1.276255725,0.061582577,1.093018486,-0.75631367,0.012288667,1,0.017449053,0.302033175
slc25a38b,1.360809389,0.674607422,1.769489554,0.427103644,0.012092038,1,1.96E-04,1
SNORA73,1.71619013,0.739024461,1.33192547,0.206767171,0.011733598,1,0.002754854,1
hspb9,1.398876127,0.633986662,1.434636319,-0.794501389,0.011356781,1,0.012251706,0.623069024
si:ch211-221f10.2,1.382192643,0.370296031,1.300379809,0.286443713,0.011258039,1,0.024546251,1
slc27a4,1.364328921,0.493037111,1.271434621,0.075679814,0.0104382,1,0.024546251,1
abca1b,1.310990158,0.423563944,1.189833232,0.663583306,0.010262665,1,0.03833277,0.666721501
hyou1,1.35753925,1.003523685,1.142601021,-0.156626649,0.009720983,0.482397559,0.038654206,1
slc16a6b,1.373597143,0.569460124,2.77690921,-0.725242706,0.009094115,1,3.94E-11,0.474380228
eif4a1a;senp3b,1.381002429,0.492023248,1.635056421,0.070231188,0.008611332,1,0.001146829,1
mta2,1.328742042,0.367944275,1.435144077,-0.323128004,0.00847868,1,0.003670225,1
kpna1,1.400698835,0.606358571,1.254116974,0.263412439,0.007612746,1,0.028053533,1
ca15c,1.554387821,-1.412970963,2.660130704,0.093963918,0.007393998,0.297894175,8.59E-06,1
has1,1.850268803,-0.017094891,2.261222407,0.952699495,0.007135584,1,0.002111765,0.930343391
cebpa,1.416867892,0.72743225,1.665460505,-0.249859142,0.006574986,1,8.46E-04,1
ENSDART00000130067,1.542993494,-0.286009271,1.539843249,-0.461025008,0.005806349,1,0.006150506,1
ENSDART00000139624,1.470960194,1.086944431,1.353614512,-0.162163032,0.00525325,0.402396177,0.01479951,1
rcc1,1.471338539,1.06563437,1.519961973,0.680011646,0.004809179,0.422863283,0.004152237,0.729438165
bcl2l13,1.329933338,0.232366585,1.589200484,-0.024262433,0.004460662,1,5.88E-04,1
ugdh,1.459322485,0.684199697,1.311737111,0.330361042,0.004073553,1,0.017043466,1
eif4a1a,1.412869354,0.431430148,1.762510856,0.090056311,0.004065354,1,1.06E-04,1
gdpd1,1.423968294,0.555710383,1.592957999,0.188253978,0.004015559,1,0.001380594,1
si:dkey-32e6.3,1.776305757,0.345573195,2.794164914,1.051356661,0.004015559,1,1.31E-07,0.455648543
dnajb9b,1.472409938,0.696618312,2.38715068,-0.305847183,0.003452681,1,1.11E-07,1
loxl2a,1.633741159,0.273508772,1.411917581,-0.516245229,0.003177818,1,0.024680792,1
eif4e1c,1.385257123,0.520465396,1.892446584,0.265590999,0.003090148,1,5.05E-05,0.967692816
ago3b,1.567603909,-0.023559084,2.378010044,1.00894725,0.002807396,1,4.73E-07,0.256539749
ahsa1l,1.518647974,1.184770131,1.38869073,-0.276369782,0.002531182,0.159841135,0.008446946,1
golt1bb,1.60620919,0.507186418,1.678637536,0.550416834,0.002483624,1,0.001599198,0.977057077
nop2,1.477942665,0.733343726,1.399507942,0.085771181,0.002450882,1,0.002596015,1
slc20a1b,1.550448006,0.316844766,1.922642512,0.114506393,0.002070198,1,3.63E-05,1
aldh1l2,1.603812378,0.960681291,1.509894675,1.323675234,0.002014103,0.856530813,3.83E-04,0.004895744
mpv17l2,1.576711518,0.688121305,1.694692593,0.018885557,0.001901356,1,8.03E-04,1
slc38a5a,1.641073987,0.377625975,1.52377665,0.612358621,0.001182013,1,0.004009167,0.820382306
top1a,1.577270303,0.725912807,1.786472911,0.230124577,0.001171247,1,1.03E-04,1
abhd3,1.700945192,0.64040784,2.241089091,1.560122302,9.38E-04,1,2.24E-06,0.006550914
esrra,1.773277117,0.300404661,2.01647488,0.306121712,9.06E-04,1,5.64E-05,1
ptrh1,1.687972875,0.837354932,1.978285848,0.818027236,8.74E-04,0.933876975,4.91E-05,0.497282235
odc1,1.563778747,1.13913205,3.637402095,1.134030054,8.39E-04,0.163573706,4.93E-17,0.051824358
rrs1,1.65224433,0.584156648,1.474426998,-0.113703009,8.16E-04,1,0.005402342,1
flvcr1,1.66756617,0.395929694,2.303233824,-0.004680041,7.40E-04,1,5.02E-07,1
mthfd2,1.839850701,0.53127412,2.138105251,0.482192801,7.03E-04,1,2.34E-04,0.606366996
dnajb9a,1.85951169,0.879138754,2.57274201,-0.794986956,6.74E-04,1,1.02E-08,0.230327234
pgp,1.707164582,1.272478107,1.849030072,0.383727516,5.94E-04,0.131628795,1.66E-04,1
lmbr1l,1.657831061,0.349711413,1.827442819,0.3985369,4.37E-04,1,1.32E-04,1
ENSDART00000137635,1.84111404,0.080888102,2.272293826,-0.182945182,3.75E-04,1,3.67E-06,1
ugt5d1,1.755840353,0.876388183,1.615142848,0.097636843,3.63E-04,0.934960606,0.001516805,1
pdia4,1.725768337,1.399724983,1.839716342,0.365951054,2.85E-04,0.03674246,6.89E-05,1
ENSDART00000142511,1.860553993,0.056159903,2.305946741,-0.133498509,2.38E-04,1,1.74E-06,1
ENSDART00000125757,2.525211921,2.203054366,1.754098945,0.614995425,2.35E-04,0.01558123,0.016510027,1
dnaja,1.861838676,2.214770771,1.686465895,-0.748248832,1.79E-04,7.52E-06,7.33E-04,0.599132725
abcf2a,1.795683154,0.472950796,2.615722154,-0.228865502,1.75E-04,1,5.80E-09,1
ugt5a1,1.828435757,0.968854817,2.897634822,0.663590767,1.65E-04,0.674410417,9.93E-11,0.759980039
prmt6,1.925230435,0.624806213,1.689551458,0.221348566,1.61E-04,1,0.002070281,1
tinagl1,1.803497458,0.72800227,1.806186354,0.095108362,1.34E-04,1,7.05E-05,1
zgc:153115,1.851490291,0.206820228,2.549418164,-0.131956668,1.14E-04,1,1.82E-08,1
si:ch211-217k17.8,1.939878345,-0.675308765,1.237466263,0.059501894,9.00E-05,1,0.049831365,1
sgpp1a,1.869623227,0.654407896,1.530293602,0.525613215,8.39E-05,1,0.003346965,0.972091421
dkc1,1.828162716,0.670507923,1.300584371,0.209416532,8.29E-05,1,0.015961261,1
ftr86,2.104398685,0.233442115,1.361571949,0.723382814,4.50E-05,1,0.037073725,0.809964579
zmynd19,1.943952511,0.248530029,2.007623795,-0.217642125,4.46E-05,1,2.89E-05,1
gdpgp1,2.281823301,1.194939535,2.061689671,0.937441371,3.35E-05,0.671317631,2.70E-04,0.542910691
ENSDART00000124374,1.954143078,0.695462994,1.325492061,-0.134541098,2.98E-05,1,0.016829352,1
sult1st2,1.956251999,0.873852872,1.208977504,-0.448007078,2.73E-05,0.874770282,0.037686769,1
cdkn1a,1.923531405,-0.003607154,1.644950264,-2.76779208,2.21E-05,1,3.32E-04,1.63E-10
slc9a3.1,1.980764637,0.2277591,1.600688252,-1.220889788,2.11E-05,1,0.002511213,0.134391215
zgc:153258,2.173214395,0.302243169,1.381202306,0.742890194,2.04E-05,1,0.03428475,0.762824705
slc47a2.1,2.01049039,0.529291318,1.369035472,0.037448596,1.54E-05,1,0.012871738,1
lrrc4ba,2.832784508,0.606652791,2.433118486,0.440561289,1.28E-05,1,8.42E-05,1
si:ch73-80e5.2,2.038894505,0.707666586,2.301726636,0.99388191,1.23E-05,1,5.73E-07,0.230327234
hsp90aa1.2,2.037008467,2.797077871,1.408504269,-1.007493082,1.05E-05,1.66E-10,0.003404852,0.22449481
kcnj1a.2,2.914915235,0.470949178,2.022186546,-0.832198162,8.22E-06,1,0.008366299,1
creld2,2.098021392,1.216754837,1.617443964,-0.480435202,7.95E-06,0.253185347,0.001279429,1
hspa5,2.082169368,0.991324258,2.544519807,-0.151502388,5.21E-06,0.552431011,1.44E-08,1
si:dkey-56e3.2,2.596263503,0.086427291,1.61760743,-0.511924588,4.70E-06,1,0.004900603,0.44706865
slc52a3-1,2.108224786,0.357200571,2.271297946,-0.595706027,4.44E-06,1,8.05E-07,0.869277373
hsd17b12a,1.988778597,0.29399819,2.192480715,-0.057464481,4.40E-06,1,2.13E-07,1
ugt5a2,2.125269306,0.900713738,2.288198657,0.95308777,3.86E-06,0.831366414,6.17E-07,0.270826703
ENSDART00000111519,2.394090989,2.469262159,2.267709286,0.951903538,2.99E-06,3.26E-06,6.23E-05,0.493452869
si:ch211-235m3.5,2.18257468,0.944256608,1.893102112,0.078021805,2.99E-06,0.758137915,1.06E-04,1
sec23b,2.061186832,0.66231219,1.283792033,0.061065432,2.59E-06,1,0.015887522,1
pprc1,2.145546021,0.859317767,1.853344616,-0.101536211,2.47E-06,0.933876975,1.29E-04,1
ENSDART00000121466,2.231726885,0.862774195,1.422248379,0.604466834,1.75E-06,1,0.013536179,0.886834567
mylipb,2.202111717,0.776344113,1.359812267,-1.446792163,1.20E-06,1,0.012823148,0.0126708
pkz,2.290925677,1.913375745,-0.288947229,1.298334865,7.11E-07,2.48E-04,1,0.045866747
bbox1,2.238894167,0.720716931,2.558330166,1.848372656,5.38E-07,1,9.96E-09,1.93E-04
si:zfos-1537b9.1,2.245697925,1.481369283,-0.281346908,1.269119219,3.76E-07,0.017190625,1,0.022149123
si:dkey-238c7.13,2.40443542,1.560614364,1.369787258,2.633286855,1.99E-07,0.011289902,0.001135367,3.52E-07
ifi44a6,3.331823433,0.478642081,3.084793795,2.592443132,1.02E-07,1,0.007696256,0.051411939
nr4a3,2.272574493,0.001097336,2.44267664,0.181131851,9.05E-08,1,3.50E-07,1
dnaja1,2.443351079,2.031258108,1.211376812,-0.074276125,5.03E-08,4.10E-05,0.037309925,1
tgm5l,2.774099664,1.266013833,2.284969678,0.243687,5.02E-08,0.475855724,4.49E-06,1
esr2b,2.41644988,0.653257505,1.48184101,-0.530034824,3.00E-08,1,0.002474397,0.749279517
tdp2a,3.610157615,2.599880031,0.91997527,3.875255804,1.94E-08,0.003096722,1,1.88E-05
afp4,2.275678384,2.381698402,1.889581689,2.891493812,1.52E-08,2.83E-08,9.73E-07,2.11E-15
fosb,2.512394024,-0.257561553,1.850492038,-1.245062132,7.94E-09,1,5.66E-04,0.033338665
zgc:161979,4.27203401,4.265822899,2.340788099,3.53344212,4.92E-09,8.02E-09,1.55E-06,1.45E-14
adrb2b,2.758566107,1.298287182,1.760606349,-0.73794494,4.42E-09,0.253043119,3.43E-04,0.576850765
wu:fc34e06,2.796258136,-0.341636751,1.291608688,-0.349939078,1.83E-09,1,0.037121898,1
hsp70.1,3.169007746,4.300976213,3.601918489,-0.311384886,1.24E-09,1.17E-15,1.58E-19,1
mcm5,2.60962371,3.348262068,2.840750022,0.266664707,5.87E-10,5.71E-16,1.85E-19,1
elovl7b,3.059283714,0.025492995,2.291352787,-0.392528487,1.24E-10,1,9.72E-06,1
ENSDART00000125861,5.320430913,4.531332129,1.447297294,4.889022015,1.05E-10,8.64E-06,1,7.07E-06
adgre10,2.993833791,2.217438477,2.574797807,-0.452018825,3.14E-11,1.01E-05,1.32E-08,1
cnnm2b,3.015602418,0.56722204,1.873259504,-0.759215621,9.29E-12,1,1.37E-04,0.602310829
si:dkey-211g8.5,3.808279388,2.953693517,2.610810077,4.164150163,7.17E-12,4.64E-06,0.145938844,1.51E-05
dnajb1b,3.082751922,2.163252835,2.525193708,-0.571500886,4.44E-12,4.19E-06,2.42E-08,0.882907325
hsp70l,3.190276102,3.636711631,2.990400484,0.110723468,3.87E-12,3.10E-15,2.45E-11,1
hsp70.3,3.601953225,3.980742098,4.704847861,0.022431235,1.07E-12,3.58E-15,6.59E-24,1
si:ch211-276k2.1,5.242706653,4.432369165,1.642451578,4.602647999,9.18E-13,3.20E-07,0.574039733,5.84E-09
hsp70.2,3.954370413,4.732758233,4.138620153,-0.649398457,2.56E-13,2.10E-18,3.41E-19,0.956445339
si:ch211-281g13.4,3.993661182,2.935434891,-1.315896329,2.848049937,2.55E-13,2.64E-06,0.820884904,3.49E-05
rh50,3.331047185,1.455400468,1.450864443,-1.198967942,2.01E-14,0.028692949,0.006338243,0.076562911
si:dkey-40g16.6,3.779971174,1.92374458,1.421680689,5.226204961,1.26E-14,0.005328291,0.57556597,9.09E-17
si:dkey-26g8.11,4.470598607,3.498976534,1.893019447,5.022867889,7.75E-15,7.83E-08,0.579172106,5.47E-09
gig2l,4.811292269,3.363396045,0.730258259,4.562995469,4.13E-15,1.13E-05,1,3.06E-09
ENSDART00000114919,3.792826727,3.116824608,-0.384286174,2.476432927,3.47E-15,6.25E-10,1,2.46E-05
si:dkey-22f5.9,3.755227981,1.079769473,3.999984356,1.814781308,2.62E-15,0.462011928,1.01E-18,8.26E-04
herc56.2,4.198244046,3.09555253,-0.950862592,3.08152113,2.39E-15,1.59E-07,0.982034151,2.92E-06
ifit10,4.608160106,3.715471435,1.893019447,5.14965206,7.78E-16,4.23E-09,0.579172106,1.12E-09
herc56.1,3.889712988,3.412573422,-1.079436858,1.765431865,7.72E-16,5.87E-12,0.380883255,0.005858907
ifit14,3.552955607,2.701227637,-2.01782738,2.200485047,6.73E-16,3.35E-09,2.07E-04,5.19E-06
rnf213b,3.365618783,1.983222458,-0.689684555,1.186830656,4.39E-16,1.27E-06,0.296989098,0.005019569
si:ch211-276k2.2,4.656701663,3.405881395,0.820502816,2.233858354,1.34E-16,1.10E-07,0.657913545,3.49E-04
ENSDART00000075430,4.816644212,3.584949518,0.969613847,2.321656449,1.20E-16,6.33E-08,0.502605457,2.41E-04
il4i1,4.028577742,2.362319897,0.776132138,4.869288934,1.20E-16,4.12E-05,0.938698181,5.16E-17
zgc:152658,4.763848033,3.595885384,-0.191979813,5.840784533,1.14E-16,3.08E-08,1,6.01E-14
si:dkey-94l16.5,3.782310432,2.780132499,0.578760105,1.929808685,1.09E-16,5.87E-09,0.721423544,3.78E-04
ifit15,3.67844526,2.672516078,-1.398056578,1.977958402,5.63E-17,4.11E-09,0.014467819,6.07E-05
isg15,3.777210324,3.053730884,-2.144298296,1.712763357,3.66E-17,2.55E-11,1.37E-04,0.002335549
ifi27.1,3.311362256,2.695026675,-0.265421355,1.173605861,2.95E-17,1.01E-11,1,0.002773277
mxa,4.246145416,3.487021043,0.605511466,3.707412525,1.21E-17,1.55E-11,1,2.25E-08
herc56.4,4.721430665,3.722134739,-1.088805927,4.104960745,3.94E-18,1.06E-10,1,2.74E-07
zgc:123068,3.883088289,3.193559599,-0.185880226,1.80428056,3.46E-18,1.51E-12,1,9.10E-04
ifi27.2,4.149594072,3.773855671,0.38463934,3.390828151,1.13E-19,2.93E-16,1,1.17E-11
ifi27.6,4.474533507,4.151502108,0.857697671,3.301574121,5.57E-21,5.25E-18,0.591610615,2.69E-09
si:dkey-211g8.8,4.504524678,4.14377436,-0.560989569,2.515569674,2.47E-21,5.25E-18,0.854002624,1.92E-06
ENSDART00000066178,5.25576371,1.977518112,4.197651732,-0.677334524,4.28E-22,0.046039307,3.46E-19,0.913595103
stat1b,4.546247685,4.069898645,-0.628182932,1.84175721,1.98E-22,1.56E-17,0.52996788,4.66E-04
cyp2r1,3.601381873,1.408995385,2.487827149,0.520784341,4.98E-23,0.010170378,7.73E-15,0.518443907
ifit8,5.079167908,5.092442397,-1.574003507,3.592535848,6.60E-24,2.09E-23,0.230094028,1.29E-11
mxe,5.099556318,4.034652028,0.931902598,2.541554204,1.40E-24,7.85E-16,0.47482408,1.02E-05
si:dkeyp-118h9.7,6.165225601,5.056063916,-1.207940337,2.177091407,6.71E-30,5.83E-20,0.52996788,0.001978284
igldcp,4.766735385,3.900731064,-0.455733895,2.411780717,1.48E-30,5.46E-23,0.64314975,2.69E-09
rsad2,6.27389689,5.493269594,-3.449499587,3.694750039,1.39E-37,4.37E-30,9.49E-07,5.75E-15
ENSDART00000126992,2.542728467,1.906212315,1.740835627,2.787734815,9.71E-04,0.282687892,0.15165115,3.21E-04
zmp:0000000912,2.245120345,1.66554954,0.374198515,2.231368581,4.35E-04,0.158221705,1,0.002961553
dhx58,1.854580483,1.308868395,-0.103560265,1.75023784,1.23E-04,0.098756971,1,0.001272874
ifnphi1,3.256567527,1.649415445,0.068490813,1.717169414,1.23E-04,0.807248602,1,0.030877024
ifi44a8,2.113997063,-0.440794683,1.079212986,2.688054444,8.36E-05,1,0.706045902,5.64E-04
si:ch73-129a22.11,1.85892917,0.795683369,-1.170866887,2.117489519,6.60E-06,0.26341972,2.37E-08,0.002013257
muc5b,2.352546333,-0.175027349,0.973764544,1.62170498,6.29E-06,1,0.385061561,0.03379886
muc5.2,2.276064355,-0.068738589,0.724180114,1.529128034,3.47E-06,1,0.603461612,0.02974845
ifnphi4,7.390649931,4.162395764,1.45316846,4.970292373,8.96E-10,0.967858758,1,3.32E-06