"","ensembl_gene_id","baseMean","log2FoldChange","lfcSE","stat","pvalue","padj","gene_name"
"1","ENSDARG00000002396",2960.24637650938,0.524410893297289,0.144404158342788,12.9777195318941,0.000315219668098361,0.049443028287983,"cry-dash"
"2","ENSDARG00000002576",1768.75877383219,0.38245888735341,0.10545825073751,13.103824237075,0.000294693574096305,0.0476386195554015,"cabp5a"
"3","ENSDARG00000004078",1153.30634782169,0.733116473551103,0.13401660398808,29.632032615457,5.22345609507299e-08,5.91077585958301e-05,"acsl4a"
"4","ENSDARG00000005776",2833.72397356027,-0.443910466806774,0.0985779522598086,20.1951997612234,6.99281904842379e-06,0.00279280852525137,"guk1b"
"5","ENSDARG00000006074",474.815926319248,-0.85241584452414,0.212007854466966,15.8422980057307,6.88461796457793e-05,0.0164010925159656,"uck2a"
"6","ENSDARG00000006427",974.289229187746,-1.39915187168103,0.232873111888744,34.8073823734497,3.63990633231157e-09,6.17828601080735e-06,"fabp2"
"7","ENSDARG00000007081",1105.90577192001,-0.502817764546267,0.13663436333613,13.3766614635774,0.000254774832856386,0.0432448431919608,"pias4a"
"8","ENSDARG00000007576",3277.49444123387,0.853934876010313,0.165151401102071,26.2655192290954,2.97554042575137e-07,0.000237274994165842,"ENSDARG00000007576"
"9","ENSDARG00000007823",691.859654823494,0.924381750892496,0.206578484640714,19.7003627419995,9.05841689378331e-06,0.00338883754866828,"atf3"
"10","ENSDARG00000011862",2556.97126716119,-0.372593128398226,0.0964412614849926,14.8669358050382,0.000115367538785486,0.0240970365677777,"inaa"
"11","ENSDARG00000012076",1497.4339296827,-1.41505120696911,0.36732730863307,14.2066806804546,0.000163787981248051,0.0308899582967679,"apoa1a"
"12","ENSDARG00000013794",229.677566102902,-1.59579143371828,0.307939127678188,24.9918180997137,5.75741164654522e-07,0.000355363148856534,"klf11b"
"13","ENSDARG00000013946",3819.86552706382,0.506682872070875,0.0939480307993579,28.8863852960633,7.67504944884623e-08,8.01688434352945e-05,"ivns1abpb"
"14","ENSDARG00000015445",261.038722607261,1.12740936190008,0.293628632153252,14.4181557709499,0.000146384177610088,0.0279964894051744,"lim2.4"
"15","ENSDARG00000016793",1373.33482872849,1.271441746105,0.345522819967666,13.1272978563206,0.000291024202401654,0.0476122607760489,"crybb1l2"
"16","ENSDARG00000019949",212.616706360069,-1.06168907395266,0.24382410165932,18.5198947734856,1.68140031841982e-05,0.00543612736281494,"serpinh1b"
"17","ENSDARG00000020107",4447.85720063372,0.329192027976806,0.0683569983561816,23.1405780952564,1.50579211926303e-06,0.000757301895832321,"usp2a"
"18","ENSDARG00000020239",4256.30000941449,0.785280958389787,0.118090289152242,43.3466494724083,4.58520695325577e-11,8.89464645975145e-08,"lpin1a"
"19","ENSDARG00000020866",724.28949014801,-3.46883026414937,0.786168983725458,15.6779328077103,7.50952275445171e-05,0.0173768382406237,"apoa4b.2"
"20","ENSDARG00000020893",10354.4197824593,0.362271367350031,0.071322666316971,25.7248156237506,3.93731535772644e-07,0.000254594310678892,"slc25a55a"
"21","ENSDARG00000024548",1469.0685944909,1.05701361052858,0.210398681762804,24.7109266248345,6.66054903411042e-07,0.000393233023192111,"cryba4"
"22","ENSDARG00000027249",7744.34724154809,0.246321639884002,0.063980706406156,14.7963591089729,0.00011976651129576,0.0242732754758974,"btg1"
"23","ENSDARG00000027495",2360.65114685351,-0.664426226837331,0.132830428211241,24.6087269333237,7.02329501373079e-07,0.000397372179131044,"elovl4b"
"24","ENSDARG00000029075",2346.39957040054,0.595211761326273,0.14966548139823,15.6436743088046,7.64679323157093e-05,0.0173768382406237,"pfkfb4b"
"25","ENSDARG00000030411",1695.52490328172,1.05336476959565,0.204633271378837,25.9488659891882,3.50581318441933e-07,0.00023802718615615,"crygn2"
"26","ENSDARG00000030915",98.7107807305264,-2.37331273856592,0.527612149429388,17.9943272920849,2.21564241312999e-05,0.00668582407286492,"cpa1"
"27","ENSDARG00000032465",1520.77115591722,0.837566910012368,0.150901555050019,30.0278633022403,4.25882591245305e-08,5.25732700592727e-05,"slc1a8b"
"28","ENSDARG00000032929",1952.50599968492,0.809524168056939,0.220353190146255,13.2824806345265,0.00026789779077325,0.044910914826049,"cryba1l1"
"29","ENSDARG00000034503",15624.0164549627,0.360695140509793,0.0674622058560015,28.5077670408494,9.33233645794443e-08,9.05169976874482e-05,"per2"
"30","ENSDARG00000035859",1070.76595608009,-0.660039226717797,0.155726497236312,17.5971285320564,2.73000250728187e-05,0.00788738383965543,"angptl4"
"31","ENSDARG00000036967",6647.33854195494,0.337631964326548,0.0921756524323485,13.3830582899948,0.000253907372955016,0.0432448431919608,"smox"
"32","ENSDARG00000037421",9452.92935754769,-0.334457671473202,0.0720390416832363,21.5085948806913,3.52246363173756e-06,0.00164936322949532,"egr1"
"33","ENSDARG00000038153",2542.13459690148,0.46778301444731,0.127142270301409,13.4747871359694,0.000241790619847707,0.0426399328170391,"lgals2b"
"34","ENSDARG00000039943",885.314867871809,-0.567301248733112,0.142478924037879,15.635945775223,7.67810806714356e-05,0.0173768382406237,"tent5ba"
"35","ENSDARG00000040087",1076.6422059465,0.527771086630857,0.138497565919064,14.4190042190143,0.000146318242122387,0.0279964894051744,"epb41l4a"
"36","ENSDARG00000040298",466.992730091255,-2.79442722653622,0.322727967178602,66.1180527280831,4.24707990436529e-16,1.44177745053441e-12,"apoa4b.1"
"37","ENSDARG00000041925",428.544975766283,1.16753164789175,0.292324654141239,15.5647766866499,7.97260778081827e-05,0.0177475477140543,"cryba2b"
"38","ENSDARG00000042658",330.139190080943,-0.948273093261723,0.227251889799134,17.107125334984,3.53295101737336e-05,0.00979060038059446,"acad8"
"39","ENSDARG00000044566",1369.80441531629,0.784102236387507,0.182189303820065,18.0313735565202,2.17294225817926e-05,0.00668582407286492,"fabp6"
"40","ENSDARG00000045677",160180.510973321,-0.276995182666038,0.0703728493841473,15.4331761984575,8.54744584491518e-05,0.0187202850206618,"opn1sw1"
"41","ENSDARG00000052242",772.12300451758,-0.545451490081778,0.132616917706531,16.8270113499268,4.09463211449236e-05,0.0109021587220964,"AFF2"
"42","ENSDARG00000052575",1568.69211657029,0.605065150566139,0.154573133452273,15.217771119859,9.57976666206714e-05,0.0206481986514619,"arl13a"
"43","ENSDARG00000052994",2773.37141104269,-0.297460558390255,0.0708009499746578,17.6179974271732,2.700208536391e-05,0.00788738383965543,"slc25a28"
"44","ENSDARG00000053862",240.665227029223,1.74233433390719,0.411314900030992,16.9161448503909,3.90678820424743e-05,0.0106100554050952,"crygmx"
"45","ENSDARG00000054641",1045.46925305616,-0.675500379250114,0.154578738457957,18.9234287471831,1.36071273198379e-05,0.00486239952305472,"tent5ab"
"46","ENSDARG00000054807",733.069962421592,-0.810299825224773,0.223029925441608,13.0139536756538,0.000309178473236009,0.0493921704479031,"sec13"
"47","ENSDARG00000054814",765.322974323094,0.602247806949585,0.146769132156591,16.6987563078928,4.38097095164123e-05,0.01144023164468,"ENSDARG00000054814"
"48","ENSDARG00000055076",3446.54250220276,-0.355362464627977,0.0819048190643599,18.759940140388,1.48248619867716e-05,0.00490992197361883,"ENSDARG00000055076"
"49","ENSDARG00000055108",755.712916939384,-0.897421342271722,0.161700928844564,30.3506758413361,3.60581316503018e-08,4.89633369679448e-05,"gde1"
"50","ENSDARG00000055752",4356.4406614549,-0.756401441745417,0.13237152747655,31.9298961802616,1.59838077779686e-08,2.41160139796706e-05,"npas4a"
"51","ENSDARG00000056885",1858.12098720006,0.585693808960745,0.161213050357943,12.9566128432326,0.000318793430150846,0.049443028287983,"per1a"
"52","ENSDARG00000057460",1543.28173545075,0.909124481222939,0.242592661326004,13.7787626977274,0.000205647833043293,0.0370207941893144,"crygm2d13"
"53","ENSDARG00000058666",496.663743290482,-1.13683429610288,0.267851714457825,17.5569750323335,2.78826114827514e-05,0.00788787461092251,"dennd2da"
"54","ENSDARG00000059707",892.446216818614,0.707715998255977,0.186384725129295,14.0965878576193,0.000173658519571164,0.0323028635240663,"znf423"
"55","ENSDARG00000060316",824.938497863012,0.945067734736857,0.183465218536844,26.075297277946,3.28358276276954e-07,0.000237274994165842,"cish"
"56","ENSDARG00000062054",1361.90474286182,-0.927075326444657,0.11049665446623,69.1100972591063,9.31174024680902e-17,4.21480402704732e-13,"ENSDARG00000062054"
"57","ENSDARG00000062109",270.388050970567,-0.905829670833506,0.197132968361448,20.8145530652051,5.05970277376978e-06,0.00221631303112967,"shdb"
"58","ENSDARG00000062355",121.261739076022,-1.57616491811229,0.34127920876578,20.4456671729119,6.13482850708475e-06,0.0025243889787183,"axdnd1"
"59","ENSDARG00000067950",291.117609127549,1.14390324732346,0.250053753157484,20.4520512498446,6.11439887804992e-06,0.0025243889787183,"ENSDARG00000067950"
"60","ENSDARG00000069074",28356.8917073007,-0.313140138030312,0.0683422702798146,20.9467805589711,4.72220751487766e-06,0.00213742852815079,"cry3a"
"61","ENSDARG00000070107",3017.72671763568,0.517888198808832,0.138770307052965,13.7646293538343,0.000207200851195809,0.0370207941893144,"six7"
"62","ENSDARG00000075282",3539.94010877164,0.398409752979744,0.110314845812963,12.9470837574978,0.000320420243710325,0.049443028287983,"IRS2"
"63","ENSDARG00000077227",542.870159977413,-0.703944147432875,0.188298420949378,13.8016299782677,0.000203159898099676,0.0370207941893144,"fbxl6"
"64","ENSDARG00000077799",2119.00650161217,-0.483488076248006,0.108378823078145,19.7981785244419,8.60646538629843e-06,0.00333906267087275,"egr4"
"65","ENSDARG00000078349",159.445145243482,-2.67516154008275,0.643371909472992,14.7582738684487,0.000122210071350262,0.0244042729244884,"ENSDARG00000078349"
"66","ENSDARG00000078986",267.505713576109,-0.863477361024534,0.233932891994351,13.4176658202502,0.000249265672866702,0.0432448431919608,"mplkip"
"67","ENSDARG00000079818",236.12566189247,-0.925840150598967,0.238173234384008,14.7279629337222,0.00012419064963087,0.0244403598744577,"helq"
"68","ENSDARG00000089372",27160.7599585275,-0.430347004666154,0.0544175836092083,62.2350480400392,3.04814492356138e-15,8.27815198340799e-12,"ENSDARG00000089372"
"69","ENSDARG00000090585",147.84798237828,-1.43217779581357,0.340631286613279,16.6240485772724,4.55695399109123e-05,0.011459051526857,"gpc1b"
"70","ENSDARG00000094310",1738.42540709936,0.988234362124843,0.227851827839344,18.4085867275763,1.78252905307319e-05,0.00562906093294902,"si:ch211-255g12.6"
"71","ENSDARG00000094929",177.044051307322,-5.00019619307476,0.636749834458096,50.9220701661622,9.61068576958294e-13,2.17505836775278e-09,"apoa4b.3"
"72","ENSDARG00000094965",4833.84314306945,0.551689983080892,0.112862416275866,23.7119730763107,1.11884307335719e-06,0.000607710803724691,"nfil3-5"
"73","ENSDARG00000096398",2552.07476047801,-0.646201949464853,0.123271629872198,26.9628029375935,2.07408730030292e-07,0.000187760209672089,"ENSDARG00000096398"
"74","ENSDARG00000097247",525.432422612869,0.647975363376069,0.159232876506213,16.4465233893607,5.00418698040637e-05,0.0123548827285342,"ENSDARG00000097247"
"75","ENSDARG00000098051",1517.02559860439,-0.92158200620378,0.230225657773173,14.9726907931163,0.00010907840262465,0.0231433692068769,"opn6b"
"76","ENSDARG00000098108",1827.76749123984,-0.410831216918053,0.100565902524739,16.6377940959609,4.52404948866899e-05,0.011459051526857,"dusp2"
"77","ENSDARG00000098635",3945.71817947073,0.338123382921406,0.0697166435102584,23.4699786785838,1.26878251088751e-06,0.000662646065974673,"irf2bp2b"
"78","ENSDARG00000098820",2814.1679135656,-0.513038553676973,0.127806852247744,16.0065376223541,6.31241301967998e-05,0.0153064743561133,"ftr67"
"79","ENSDARG00000099695",2837.63072577658,0.652987900875241,0.126290633021222,26.5061437892101,2.6270129705592e-07,0.000222951307045146,"ENSDARG00000099695"
"80","ENSDARG00000100722",1730.18956774544,-0.578323552955588,0.149653451966394,14.8384622401895,0.000117122351680781,0.0240970365677777,"ENSDARG00000100722"
"81","ENSDARG00000100826",3975.31366419993,0.391172918947031,0.0899405025306541,18.8514904883575,1.41300645427948e-05,0.00490992197361883,"hif1al"
"82","ENSDARG00000101561",665.375279593782,-0.731777253096288,0.142671824563955,26.0540031323493,3.31999770907357e-07,0.000237274994165842,"dbt"
"83","ENSDARG00000102004",895.8599120326,-2.86401729794004,0.256221799590937,109.112751048152,1.53312142154551e-25,1.04091278915832e-21,"apoea"
"84","ENSDARG00000104609",4808.46661253577,-0.371769939213907,0.0784134919799889,22.3693915979019,2.24930365091143e-06,0.0010908319384188,"CREBBP"
"85","ENSDARG00000105420",407.908005751269,-1.26052267841722,0.278765940985264,19.6636998302998,9.23388977838768e-06,0.00338883754866828,"ENSDARG00000105420"
"86","ENSDARG00000114695",5261.0661520208,-0.761211508037076,0.0682083950057157,123.171683392925,1.27889926238268e-28,1.73661730838944e-24,"hmox2a"
"87","ENSDARG00000115161",2193.70618114532,-0.929910273085175,0.212346979092862,18.7822537310197,1.4652419092601e-05,0.00490992197361883,"ENSDARG00000115161"
"88","ENSDARG00000117423",3604.34964617223,-0.327533910670457,0.0902710329751293,13.1387751371786,0.000289246886788733,0.0476122607760489,"ENSDARG00000117423"
